transactionID,customerID,paymentType,time,employeeID,date,,,,,,,,,,
700001,200120,cash,12:14:14,100015,12/2/2019,,,,"(700001, ","200120, ","'12:14:14', ","100015, ","'2019-12-2', ","'cash'), ","(700001, 200120, '12:14:14', 100015, '2019-12-2', 'cash'), "
700002,200049,debit,14:04:23,100016,4/13/2019,,,,"(700002, ","200049, ","'14:4:23', ","100016, ","'2019-4-13', ","'debit'), ","(700002, 200049, '14:4:23', 100016, '2019-4-13', 'debit'), "
700003,200145,debit,15:29:49,100003,6/22/2019,,,,"(700003, ","200145, ","'15:29:49', ","100003, ","'2019-6-22', ","'debit'), ","(700003, 200145, '15:29:49', 100003, '2019-6-22', 'debit'), "
700004,200046,credit,9:01:55,100006,10/31/2020,,,,"(700004, ","200046, ","'9:1:55', ","100006, ","'2020-10-31', ","'credit'), ","(700004, 200046, '9:1:55', 100006, '2020-10-31', 'credit'), "
700005,200044,credit,9:51:21,100014,4/4/2020,,,,"(700005, ","200044, ","'9:51:21', ","100014, ","'2020-4-4', ","'credit'), ","(700005, 200044, '9:51:21', 100014, '2020-4-4', 'credit'), "
700006,200023,cash,15:10:07,100012,10/27/2020,,,,"(700006, ","200023, ","'15:10:7', ","100012, ","'2020-10-27', ","'cash'), ","(700006, 200023, '15:10:7', 100012, '2020-10-27', 'cash'), "
700007,200147,credit,15:17:49,100020,10/1/2020,,,,"(700007, ","200147, ","'15:17:49', ","100020, ","'2020-10-1', ","'credit'), ","(700007, 200147, '15:17:49', 100020, '2020-10-1', 'credit'), "
700008,200072,cash,12:23:49,100007,5/23/2020,,,,"(700008, ","200072, ","'12:23:49', ","100007, ","'2020-5-23', ","'cash'), ","(700008, 200072, '12:23:49', 100007, '2020-5-23', 'cash'), "
700009,200007,cash,12:52:45,100014,12/22/2020,,,,"(700009, ","200007, ","'12:52:45', ","100014, ","'2020-12-22', ","'cash'), ","(700009, 200007, '12:52:45', 100014, '2020-12-22', 'cash'), "
700010,200084,credit,11:30:37,100008,5/18/2019,,,,"(700010, ","200084, ","'11:30:37', ","100008, ","'2019-5-18', ","'credit'), ","(700010, 200084, '11:30:37', 100008, '2019-5-18', 'credit'), "
700011,200007,credit,15:46:53,100018,6/11/2020,,,,"(700011, ","200007, ","'15:46:53', ","100018, ","'2020-6-11', ","'credit'), ","(700011, 200007, '15:46:53', 100018, '2020-6-11', 'credit'), "
700012,200050,credit,10:19:23,100017,3/22/2020,,,,"(700012, ","200050, ","'10:19:23', ","100017, ","'2020-3-22', ","'credit'), ","(700012, 200050, '10:19:23', 100017, '2020-3-22', 'credit'), "
700013,200081,credit,9:20:18,100011,11/17/2020,,,,"(700013, ","200081, ","'9:20:18', ","100011, ","'2020-11-17', ","'credit'), ","(700013, 200081, '9:20:18', 100011, '2020-11-17', 'credit'), "
700014,200134,credit,12:09:13,100005,6/16/2020,,,,"(700014, ","200134, ","'12:9:13', ","100005, ","'2020-6-16', ","'credit'), ","(700014, 200134, '12:9:13', 100005, '2020-6-16', 'credit'), "
700015,200141,cash,16:17:37,100012,4/27/2020,,,,"(700015, ","200141, ","'16:17:37', ","100012, ","'2020-4-27', ","'cash'), ","(700015, 200141, '16:17:37', 100012, '2020-4-27', 'cash'), "
700016,200143,credit,9:36:03,100017,3/13/2019,,,,"(700016, ","200143, ","'9:36:3', ","100017, ","'2019-3-13', ","'credit'), ","(700016, 200143, '9:36:3', 100017, '2019-3-13', 'credit'), "
700017,200069,credit,14:51:44,100013,2/29/2020,,,,"(700017, ","200069, ","'14:51:44', ","100013, ","'2020-2-29', ","'credit'), ","(700017, 200069, '14:51:44', 100013, '2020-2-29', 'credit'), "
700018,200094,cash,10:21:27,100002,11/16/2019,,,,"(700018, ","200094, ","'10:21:27', ","100002, ","'2019-11-16', ","'cash'), ","(700018, 200094, '10:21:27', 100002, '2019-11-16', 'cash'), "
700019,200050,cash,14:37:55,100005,1/28/2019,,,,"(700019, ","200050, ","'14:37:55', ","100005, ","'2019-1-28', ","'cash'), ","(700019, 200050, '14:37:55', 100005, '2019-1-28', 'cash'), "
700020,200041,debit,16:34:06,100004,4/22/2019,,,,"(700020, ","200041, ","'16:34:6', ","100004, ","'2019-4-22', ","'debit'), ","(700020, 200041, '16:34:6', 100004, '2019-4-22', 'debit'), "
700021,200125,debit,14:53:38,100016,6/9/2020,,,,"(700021, ","200125, ","'14:53:38', ","100016, ","'2020-6-9', ","'debit'), ","(700021, 200125, '14:53:38', 100016, '2020-6-9', 'debit'), "
700022,200096,debit,16:23:47,100014,11/11/2019,,,,"(700022, ","200096, ","'16:23:47', ","100014, ","'2019-11-11', ","'debit'), ","(700022, 200096, '16:23:47', 100014, '2019-11-11', 'debit'), "
700023,200065,cash,9:48:49,100019,5/3/2020,,,,"(700023, ","200065, ","'9:48:49', ","100019, ","'2020-5-3', ","'cash'), ","(700023, 200065, '9:48:49', 100019, '2020-5-3', 'cash'), "
700024,200026,cash,14:11:25,100008,12/6/2019,,,,"(700024, ","200026, ","'14:11:25', ","100008, ","'2019-12-6', ","'cash'), ","(700024, 200026, '14:11:25', 100008, '2019-12-6', 'cash'), "
700025,200061,credit,11:08:22,100012,4/3/2019,,,,"(700025, ","200061, ","'11:8:22', ","100012, ","'2019-4-3', ","'credit'), ","(700025, 200061, '11:8:22', 100012, '2019-4-3', 'credit'), "
700026,200083,debit,13:23:10,100019,1/27/2019,,,,"(700026, ","200083, ","'13:23:10', ","100019, ","'2019-1-27', ","'debit'), ","(700026, 200083, '13:23:10', 100019, '2019-1-27', 'debit'), "
700027,200105,cash,10:10:15,100020,8/4/2019,,,,"(700027, ","200105, ","'10:10:15', ","100020, ","'2019-8-4', ","'cash'), ","(700027, 200105, '10:10:15', 100020, '2019-8-4', 'cash'), "
700028,200045,debit,15:28:36,100003,7/31/2019,,,,"(700028, ","200045, ","'15:28:36', ","100003, ","'2019-7-31', ","'debit'), ","(700028, 200045, '15:28:36', 100003, '2019-7-31', 'debit'), "
700029,200008,credit,16:23:45,100017,1/13/2020,,,,"(700029, ","200008, ","'16:23:45', ","100017, ","'2020-1-13', ","'credit'), ","(700029, 200008, '16:23:45', 100017, '2020-1-13', 'credit'), "
700030,200122,credit,15:42:55,100017,1/19/2019,,,,"(700030, ","200122, ","'15:42:55', ","100017, ","'2019-1-19', ","'credit'), ","(700030, 200122, '15:42:55', 100017, '2019-1-19', 'credit'), "
700031,200085,credit,14:32:39,100021,12/27/2020,,,,"(700031, ","200085, ","'14:32:39', ","100021, ","'2020-12-27', ","'credit'), ","(700031, 200085, '14:32:39', 100021, '2020-12-27', 'credit'), "
700032,200019,credit,10:14:04,100017,6/5/2019,,,,"(700032, ","200019, ","'10:14:4', ","100017, ","'2019-6-5', ","'credit'), ","(700032, 200019, '10:14:4', 100017, '2019-6-5', 'credit'), "
700033,200094,debit,10:18:54,100004,2/28/2020,,,,"(700033, ","200094, ","'10:18:54', ","100004, ","'2020-2-28', ","'debit'), ","(700033, 200094, '10:18:54', 100004, '2020-2-28', 'debit'), "
700034,200008,credit,12:47:16,100002,4/25/2020,,,,"(700034, ","200008, ","'12:47:16', ","100002, ","'2020-4-25', ","'credit'), ","(700034, 200008, '12:47:16', 100002, '2020-4-25', 'credit'), "
700035,200048,debit,12:09:33,100021,5/4/2019,,,,"(700035, ","200048, ","'12:9:33', ","100021, ","'2019-5-4', ","'debit'), ","(700035, 200048, '12:9:33', 100021, '2019-5-4', 'debit'), "
700036,200146,debit,10:23:36,100014,1/12/2019,,,,"(700036, ","200146, ","'10:23:36', ","100014, ","'2019-1-12', ","'debit'), ","(700036, 200146, '10:23:36', 100014, '2019-1-12', 'debit'), "
700037,200009,credit,14:16:05,100009,9/16/2019,,,,"(700037, ","200009, ","'14:16:5', ","100009, ","'2019-9-16', ","'credit'), ","(700037, 200009, '14:16:5', 100009, '2019-9-16', 'credit'), "
700038,200122,debit,16:01:29,100009,1/2/2020,,,,"(700038, ","200122, ","'16:1:29', ","100009, ","'2020-1-2', ","'debit'), ","(700038, 200122, '16:1:29', 100009, '2020-1-2', 'debit'), "
700039,200007,credit,16:56:32,100004,8/23/2019,,,,"(700039, ","200007, ","'16:56:32', ","100004, ","'2019-8-23', ","'credit'), ","(700039, 200007, '16:56:32', 100004, '2019-8-23', 'credit'), "
700040,200018,credit,10:42:27,100006,2/19/2019,,,,"(700040, ","200018, ","'10:42:27', ","100006, ","'2019-2-19', ","'credit'), ","(700040, 200018, '10:42:27', 100006, '2019-2-19', 'credit'), "
700041,200130,cash,10:09:35,100008,1/14/2019,,,,"(700041, ","200130, ","'10:9:35', ","100008, ","'2019-1-14', ","'cash'), ","(700041, 200130, '10:9:35', 100008, '2019-1-14', 'cash'), "
700042,200148,cash,15:42:30,100016,11/13/2019,,,,"(700042, ","200148, ","'15:42:30', ","100016, ","'2019-11-13', ","'cash'), ","(700042, 200148, '15:42:30', 100016, '2019-11-13', 'cash'), "
700043,200119,debit,11:50:31,100003,1/25/2020,,,,"(700043, ","200119, ","'11:50:31', ","100003, ","'2020-1-25', ","'debit'), ","(700043, 200119, '11:50:31', 100003, '2020-1-25', 'debit'), "
700044,200073,debit,10:31:31,100020,1/30/2019,,,,"(700044, ","200073, ","'10:31:31', ","100020, ","'2019-1-30', ","'debit'), ","(700044, 200073, '10:31:31', 100020, '2019-1-30', 'debit'), "
700045,200021,credit,15:08:47,100016,2/12/2020,,,,"(700045, ","200021, ","'15:8:47', ","100016, ","'2020-2-12', ","'credit'), ","(700045, 200021, '15:8:47', 100016, '2020-2-12', 'credit'), "
700046,200130,cash,16:16:29,100005,12/16/2019,,,,"(700046, ","200130, ","'16:16:29', ","100005, ","'2019-12-16', ","'cash'), ","(700046, 200130, '16:16:29', 100005, '2019-12-16', 'cash'), "
700047,200059,credit,10:18:36,100017,4/27/2019,,,,"(700047, ","200059, ","'10:18:36', ","100017, ","'2019-4-27', ","'credit'), ","(700047, 200059, '10:18:36', 100017, '2019-4-27', 'credit'), "
700048,200021,cash,11:42:00,100003,11/12/2020,,,,"(700048, ","200021, ","'11:42:0', ","100003, ","'2020-11-12', ","'cash'), ","(700048, 200021, '11:42:0', 100003, '2020-11-12', 'cash'), "
700049,200050,cash,10:55:10,100019,10/19/2020,,,,"(700049, ","200050, ","'10:55:10', ","100019, ","'2020-10-19', ","'cash'), ","(700049, 200050, '10:55:10', 100019, '2020-10-19', 'cash'), "
700050,200097,debit,11:15:04,100014,7/8/2020,,,,"(700050, ","200097, ","'11:15:4', ","100014, ","'2020-7-8', ","'debit'), ","(700050, 200097, '11:15:4', 100014, '2020-7-8', 'debit'), "
700051,200098,credit,10:21:55,100014,11/1/2020,,,,"(700051, ","200098, ","'10:21:55', ","100014, ","'2020-11-1', ","'credit'), ","(700051, 200098, '10:21:55', 100014, '2020-11-1', 'credit'), "
700052,200140,credit,10:14:15,100020,3/18/2019,,,,"(700052, ","200140, ","'10:14:15', ","100020, ","'2019-3-18', ","'credit'), ","(700052, 200140, '10:14:15', 100020, '2019-3-18', 'credit'), "
700053,200024,credit,10:10:46,100010,5/27/2020,,,,"(700053, ","200024, ","'10:10:46', ","100010, ","'2020-5-27', ","'credit'), ","(700053, 200024, '10:10:46', 100010, '2020-5-27', 'credit'), "
700054,200088,credit,16:30:54,100007,4/12/2020,,,,"(700054, ","200088, ","'16:30:54', ","100007, ","'2020-4-12', ","'credit'), ","(700054, 200088, '16:30:54', 100007, '2020-4-12', 'credit'), "
700055,200114,credit,9:52:46,100021,2/8/2019,,,,"(700055, ","200114, ","'9:52:46', ","100021, ","'2019-2-8', ","'credit'), ","(700055, 200114, '9:52:46', 100021, '2019-2-8', 'credit'), "
700056,200079,cash,13:07:18,100018,2/2/2020,,,,"(700056, ","200079, ","'13:7:18', ","100018, ","'2020-2-2', ","'cash'), ","(700056, 200079, '13:7:18', 100018, '2020-2-2', 'cash'), "
700057,200050,cash,14:57:53,100020,6/19/2020,,,,"(700057, ","200050, ","'14:57:53', ","100020, ","'2020-6-19', ","'cash'), ","(700057, 200050, '14:57:53', 100020, '2020-6-19', 'cash'), "
700058,200045,credit,11:33:59,100007,12/15/2019,,,,"(700058, ","200045, ","'11:33:59', ","100007, ","'2019-12-15', ","'credit'), ","(700058, 200045, '11:33:59', 100007, '2019-12-15', 'credit'), "
700059,200012,debit,12:20:32,100004,6/15/2019,,,,"(700059, ","200012, ","'12:20:32', ","100004, ","'2019-6-15', ","'debit'), ","(700059, 200012, '12:20:32', 100004, '2019-6-15', 'debit'), "
700060,200126,debit,14:52:34,100009,7/11/2019,,,,"(700060, ","200126, ","'14:52:34', ","100009, ","'2019-7-11', ","'debit'), ","(700060, 200126, '14:52:34', 100009, '2019-7-11', 'debit'), "
700061,200023,debit,15:59:26,100013,10/20/2020,,,,"(700061, ","200023, ","'15:59:26', ","100013, ","'2020-10-20', ","'debit'), ","(700061, 200023, '15:59:26', 100013, '2020-10-20', 'debit'), "
700062,200092,credit,9:32:50,100017,7/16/2020,,,,"(700062, ","200092, ","'9:32:50', ","100017, ","'2020-7-16', ","'credit'), ","(700062, 200092, '9:32:50', 100017, '2020-7-16', 'credit'), "
700063,200083,cash,14:45:04,100011,11/17/2020,,,,"(700063, ","200083, ","'14:45:4', ","100011, ","'2020-11-17', ","'cash'), ","(700063, 200083, '14:45:4', 100011, '2020-11-17', 'cash'), "
700064,200035,cash,12:31:40,100001,4/20/2020,,,,"(700064, ","200035, ","'12:31:40', ","100001, ","'2020-4-20', ","'cash'), ","(700064, 200035, '12:31:40', 100001, '2020-4-20', 'cash'), "
700065,200029,credit,9:06:33,100020,10/13/2020,,,,"(700065, ","200029, ","'9:6:33', ","100020, ","'2020-10-13', ","'credit'), ","(700065, 200029, '9:6:33', 100020, '2020-10-13', 'credit'), "
700066,200113,debit,12:46:12,100021,8/16/2019,,,,"(700066, ","200113, ","'12:46:12', ","100021, ","'2019-8-16', ","'debit'), ","(700066, 200113, '12:46:12', 100021, '2019-8-16', 'debit'), "
700067,200106,debit,11:30:27,100007,7/31/2019,,,,"(700067, ","200106, ","'11:30:27', ","100007, ","'2019-7-31', ","'debit'), ","(700067, 200106, '11:30:27', 100007, '2019-7-31', 'debit'), "
700068,200098,credit,14:03:45,100008,3/11/2019,,,,"(700068, ","200098, ","'14:3:45', ","100008, ","'2019-3-11', ","'credit'), ","(700068, 200098, '14:3:45', 100008, '2019-3-11', 'credit'), "
700069,200013,cash,11:15:23,100006,8/25/2019,,,,"(700069, ","200013, ","'11:15:23', ","100006, ","'2019-8-25', ","'cash'), ","(700069, 200013, '11:15:23', 100006, '2019-8-25', 'cash'), "
700070,200033,debit,14:33:39,100014,8/18/2019,,,,"(700070, ","200033, ","'14:33:39', ","100014, ","'2019-8-18', ","'debit'), ","(700070, 200033, '14:33:39', 100014, '2019-8-18', 'debit'), "
700071,200098,cash,15:23:29,100019,4/28/2019,,,,"(700071, ","200098, ","'15:23:29', ","100019, ","'2019-4-28', ","'cash'), ","(700071, 200098, '15:23:29', 100019, '2019-4-28', 'cash'), "
700072,200017,cash,12:56:16,100016,7/21/2019,,,,"(700072, ","200017, ","'12:56:16', ","100016, ","'2019-7-21', ","'cash'), ","(700072, 200017, '12:56:16', 100016, '2019-7-21', 'cash'), "
700073,200137,credit,12:58:24,100013,6/23/2020,,,,"(700073, ","200137, ","'12:58:24', ","100013, ","'2020-6-23', ","'credit'), ","(700073, 200137, '12:58:24', 100013, '2020-6-23', 'credit'), "
700074,200076,credit,15:45:15,100011,8/28/2019,,,,"(700074, ","200076, ","'15:45:15', ","100011, ","'2019-8-28', ","'credit'), ","(700074, 200076, '15:45:15', 100011, '2019-8-28', 'credit'), "
700075,200112,cash,12:59:43,100002,11/18/2020,,,,"(700075, ","200112, ","'12:59:43', ","100002, ","'2020-11-18', ","'cash'), ","(700075, 200112, '12:59:43', 100002, '2020-11-18', 'cash'), "
700076,200061,debit,10:19:43,100016,5/5/2020,,,,"(700076, ","200061, ","'10:19:43', ","100016, ","'2020-5-5', ","'debit'), ","(700076, 200061, '10:19:43', 100016, '2020-5-5', 'debit'), "
700077,200119,cash,10:22:53,100016,10/25/2020,,,,"(700077, ","200119, ","'10:22:53', ","100016, ","'2020-10-25', ","'cash'), ","(700077, 200119, '10:22:53', 100016, '2020-10-25', 'cash'), "
700078,200105,cash,14:10:21,100009,9/20/2020,,,,"(700078, ","200105, ","'14:10:21', ","100009, ","'2020-9-20', ","'cash'), ","(700078, 200105, '14:10:21', 100009, '2020-9-20', 'cash'), "
700079,200075,cash,12:56:09,100001,6/29/2019,,,,"(700079, ","200075, ","'12:56:9', ","100001, ","'2019-6-29', ","'cash'), ","(700079, 200075, '12:56:9', 100001, '2019-6-29', 'cash'), "
700080,200121,debit,13:41:13,100006,8/23/2019,,,,"(700080, ","200121, ","'13:41:13', ","100006, ","'2019-8-23', ","'debit'), ","(700080, 200121, '13:41:13', 100006, '2019-8-23', 'debit'), "
700081,200052,credit,12:05:01,100009,7/27/2019,,,,"(700081, ","200052, ","'12:5:1', ","100009, ","'2019-7-27', ","'credit'), ","(700081, 200052, '12:5:1', 100009, '2019-7-27', 'credit'), "
700082,200004,credit,13:57:52,100016,2/5/2020,,,,"(700082, ","200004, ","'13:57:52', ","100016, ","'2020-2-5', ","'credit'), ","(700082, 200004, '13:57:52', 100016, '2020-2-5', 'credit'), "
700083,200014,credit,16:25:08,100008,7/9/2019,,,,"(700083, ","200014, ","'16:25:8', ","100008, ","'2019-7-9', ","'credit'), ","(700083, 200014, '16:25:8', 100008, '2019-7-9', 'credit'), "
700084,200007,debit,9:22:01,100016,3/28/2020,,,,"(700084, ","200007, ","'9:22:1', ","100016, ","'2020-3-28', ","'debit'), ","(700084, 200007, '9:22:1', 100016, '2020-3-28', 'debit'), "
700085,200040,credit,15:52:14,100005,9/22/2020,,,,"(700085, ","200040, ","'15:52:14', ","100005, ","'2020-9-22', ","'credit'), ","(700085, 200040, '15:52:14', 100005, '2020-9-22', 'credit'), "
700086,200069,debit,15:52:32,100021,5/6/2019,,,,"(700086, ","200069, ","'15:52:32', ","100021, ","'2019-5-6', ","'debit'), ","(700086, 200069, '15:52:32', 100021, '2019-5-6', 'debit'), "
700087,200132,credit,10:41:37,100021,1/15/2020,,,,"(700087, ","200132, ","'10:41:37', ","100021, ","'2020-1-15', ","'credit'), ","(700087, 200132, '10:41:37', 100021, '2020-1-15', 'credit'), "
700088,200051,credit,13:32:49,100008,10/6/2019,,,,"(700088, ","200051, ","'13:32:49', ","100008, ","'2019-10-6', ","'credit'), ","(700088, 200051, '13:32:49', 100008, '2019-10-6', 'credit'), "
700089,200044,credit,10:57:40,100019,5/3/2020,,,,"(700089, ","200044, ","'10:57:40', ","100019, ","'2020-5-3', ","'credit'), ","(700089, 200044, '10:57:40', 100019, '2020-5-3', 'credit'), "
700090,200075,debit,10:22:26,100017,12/19/2019,,,,"(700090, ","200075, ","'10:22:26', ","100017, ","'2019-12-19', ","'debit'), ","(700090, 200075, '10:22:26', 100017, '2019-12-19', 'debit'), "
700091,200131,cash,15:56:10,100012,8/24/2019,,,,"(700091, ","200131, ","'15:56:10', ","100012, ","'2019-8-24', ","'cash'), ","(700091, 200131, '15:56:10', 100012, '2019-8-24', 'cash'), "
700092,200078,credit,14:09:25,100003,4/1/2020,,,,"(700092, ","200078, ","'14:9:25', ","100003, ","'2020-4-1', ","'credit'), ","(700092, 200078, '14:9:25', 100003, '2020-4-1', 'credit'), "
700093,200046,credit,10:06:42,100015,5/28/2019,,,,"(700093, ","200046, ","'10:6:42', ","100015, ","'2019-5-28', ","'credit'), ","(700093, 200046, '10:6:42', 100015, '2019-5-28', 'credit'), "
700094,200006,debit,15:16:05,100019,11/8/2019,,,,"(700094, ","200006, ","'15:16:5', ","100019, ","'2019-11-8', ","'debit'), ","(700094, 200006, '15:16:5', 100019, '2019-11-8', 'debit'), "
700095,200095,credit,14:16:06,100017,1/31/2020,,,,"(700095, ","200095, ","'14:16:6', ","100017, ","'2020-1-31', ","'credit'), ","(700095, 200095, '14:16:6', 100017, '2020-1-31', 'credit'), "
700096,200127,debit,15:35:51,100020,6/7/2020,,,,"(700096, ","200127, ","'15:35:51', ","100020, ","'2020-6-7', ","'debit'), ","(700096, 200127, '15:35:51', 100020, '2020-6-7', 'debit'), "
700097,200037,credit,11:46:30,100017,6/16/2020,,,,"(700097, ","200037, ","'11:46:30', ","100017, ","'2020-6-16', ","'credit'), ","(700097, 200037, '11:46:30', 100017, '2020-6-16', 'credit'), "
700098,200070,credit,13:17:45,100018,8/26/2019,,,,"(700098, ","200070, ","'13:17:45', ","100018, ","'2019-8-26', ","'credit'), ","(700098, 200070, '13:17:45', 100018, '2019-8-26', 'credit'), "
700099,200144,credit,14:20:22,100002,11/22/2020,,,,"(700099, ","200144, ","'14:20:22', ","100002, ","'2020-11-22', ","'credit'), ","(700099, 200144, '14:20:22', 100002, '2020-11-22', 'credit'), "
700100,200044,credit,12:12:22,100010,5/25/2019,,,,"(700100, ","200044, ","'12:12:22', ","100010, ","'2019-5-25', ","'credit'), ","(700100, 200044, '12:12:22', 100010, '2019-5-25', 'credit'), "
700101,200142,credit,13:36:40,100007,6/18/2019,,,,"(700101, ","200142, ","'13:36:40', ","100007, ","'2019-6-18', ","'credit'), ","(700101, 200142, '13:36:40', 100007, '2019-6-18', 'credit'), "
700102,200082,cash,11:55:39,100005,12/16/2019,,,,"(700102, ","200082, ","'11:55:39', ","100005, ","'2019-12-16', ","'cash'), ","(700102, 200082, '11:55:39', 100005, '2019-12-16', 'cash'), "
700103,200103,cash,15:01:50,100004,12/7/2020,,,,"(700103, ","200103, ","'15:1:50', ","100004, ","'2020-12-7', ","'cash'), ","(700103, 200103, '15:1:50', 100004, '2020-12-7', 'cash'), "
700104,200093,credit,10:28:10,100004,9/21/2020,,,,"(700104, ","200093, ","'10:28:10', ","100004, ","'2020-9-21', ","'credit'), ","(700104, 200093, '10:28:10', 100004, '2020-9-21', 'credit'), "
700105,200045,cash,11:30:35,100001,12/17/2019,,,,"(700105, ","200045, ","'11:30:35', ","100001, ","'2019-12-17', ","'cash'), ","(700105, 200045, '11:30:35', 100001, '2019-12-17', 'cash'), "
700106,200101,debit,12:03:37,100019,7/14/2020,,,,"(700106, ","200101, ","'12:3:37', ","100019, ","'2020-7-14', ","'debit'), ","(700106, 200101, '12:3:37', 100019, '2020-7-14', 'debit'), "
700107,200038,credit,11:47:04,100008,3/12/2020,,,,"(700107, ","200038, ","'11:47:4', ","100008, ","'2020-3-12', ","'credit'), ","(700107, 200038, '11:47:4', 100008, '2020-3-12', 'credit'), "
700108,200055,credit,11:13:17,100001,7/28/2019,,,,"(700108, ","200055, ","'11:13:17', ","100001, ","'2019-7-28', ","'credit'), ","(700108, 200055, '11:13:17', 100001, '2019-7-28', 'credit'), "
700109,200015,debit,12:44:15,100006,3/29/2020,,,,"(700109, ","200015, ","'12:44:15', ","100006, ","'2020-3-29', ","'debit'), ","(700109, 200015, '12:44:15', 100006, '2020-3-29', 'debit'), "
700110,200038,debit,15:06:03,100011,3/8/2019,,,,"(700110, ","200038, ","'15:6:3', ","100011, ","'2019-3-8', ","'debit'), ","(700110, 200038, '15:6:3', 100011, '2019-3-8', 'debit'), "
700111,200126,debit,13:04:17,100008,11/18/2020,,,,"(700111, ","200126, ","'13:4:17', ","100008, ","'2020-11-18', ","'debit'), ","(700111, 200126, '13:4:17', 100008, '2020-11-18', 'debit'), "
700112,200098,debit,10:04:58,100004,3/26/2020,,,,"(700112, ","200098, ","'10:4:58', ","100004, ","'2020-3-26', ","'debit'), ","(700112, 200098, '10:4:58', 100004, '2020-3-26', 'debit'), "
700113,200083,credit,12:19:00,100002,1/5/2019,,,,"(700113, ","200083, ","'12:19:0', ","100002, ","'2019-1-5', ","'credit'), ","(700113, 200083, '12:19:0', 100002, '2019-1-5', 'credit'), "
700114,200106,credit,10:06:39,100001,8/22/2020,,,,"(700114, ","200106, ","'10:6:39', ","100001, ","'2020-8-22', ","'credit'), ","(700114, 200106, '10:6:39', 100001, '2020-8-22', 'credit'), "
700115,200102,credit,13:16:55,100007,4/2/2020,,,,"(700115, ","200102, ","'13:16:55', ","100007, ","'2020-4-2', ","'credit'), ","(700115, 200102, '13:16:55', 100007, '2020-4-2', 'credit'), "
700116,200115,debit,12:38:38,100018,7/18/2019,,,,"(700116, ","200115, ","'12:38:38', ","100018, ","'2019-7-18', ","'debit'), ","(700116, 200115, '12:38:38', 100018, '2019-7-18', 'debit'), "
700117,200124,credit,11:40:49,100006,5/24/2020,,,,"(700117, ","200124, ","'11:40:49', ","100006, ","'2020-5-24', ","'credit'), ","(700117, 200124, '11:40:49', 100006, '2020-5-24', 'credit'), "
700118,200095,debit,14:52:19,100006,3/7/2020,,,,"(700118, ","200095, ","'14:52:19', ","100006, ","'2020-3-7', ","'debit'), ","(700118, 200095, '14:52:19', 100006, '2020-3-7', 'debit'), "
700119,200031,cash,14:00:29,100001,9/19/2020,,,,"(700119, ","200031, ","'14:0:29', ","100001, ","'2020-9-19', ","'cash'), ","(700119, 200031, '14:0:29', 100001, '2020-9-19', 'cash'), "
700120,200009,credit,13:59:28,100002,4/18/2019,,,,"(700120, ","200009, ","'13:59:28', ","100002, ","'2019-4-18', ","'credit'), ","(700120, 200009, '13:59:28', 100002, '2019-4-18', 'credit'), "
700121,200148,debit,16:49:13,100014,1/1/2019,,,,"(700121, ","200148, ","'16:49:13', ","100014, ","'2019-1-1', ","'debit'), ","(700121, 200148, '16:49:13', 100014, '2019-1-1', 'debit'), "
700122,200035,debit,14:11:00,100010,3/23/2019,,,,"(700122, ","200035, ","'14:11:0', ","100010, ","'2019-3-23', ","'debit'), ","(700122, 200035, '14:11:0', 100010, '2019-3-23', 'debit'), "
700123,200004,debit,11:23:07,100004,9/4/2020,,,,"(700123, ","200004, ","'11:23:7', ","100004, ","'2020-9-4', ","'debit'), ","(700123, 200004, '11:23:7', 100004, '2020-9-4', 'debit'), "
700124,200008,credit,13:44:19,100018,12/10/2019,,,,"(700124, ","200008, ","'13:44:19', ","100018, ","'2019-12-10', ","'credit'), ","(700124, 200008, '13:44:19', 100018, '2019-12-10', 'credit'), "
700125,200076,credit,10:47:33,100018,8/18/2020,,,,"(700125, ","200076, ","'10:47:33', ","100018, ","'2020-8-18', ","'credit'), ","(700125, 200076, '10:47:33', 100018, '2020-8-18', 'credit'), "
700126,200149,cash,12:35:07,100014,9/7/2019,,,,"(700126, ","200149, ","'12:35:7', ","100014, ","'2019-9-7', ","'cash'), ","(700126, 200149, '12:35:7', 100014, '2019-9-7', 'cash'), "
700127,200036,credit,16:41:25,100011,11/4/2020,,,,"(700127, ","200036, ","'16:41:25', ","100011, ","'2020-11-4', ","'credit'), ","(700127, 200036, '16:41:25', 100011, '2020-11-4', 'credit'), "
700128,200030,cash,13:43:34,100013,11/22/2019,,,,"(700128, ","200030, ","'13:43:34', ","100013, ","'2019-11-22', ","'cash'), ","(700128, 200030, '13:43:34', 100013, '2019-11-22', 'cash'), "
700129,200095,credit,12:25:16,100004,5/5/2019,,,,"(700129, ","200095, ","'12:25:16', ","100004, ","'2019-5-5', ","'credit'), ","(700129, 200095, '12:25:16', 100004, '2019-5-5', 'credit'), "
700130,200004,credit,13:30:24,100011,10/16/2020,,,,"(700130, ","200004, ","'13:30:24', ","100011, ","'2020-10-16', ","'credit'), ","(700130, 200004, '13:30:24', 100011, '2020-10-16', 'credit'), "
700131,200037,cash,12:01:06,100015,6/4/2020,,,,"(700131, ","200037, ","'12:1:6', ","100015, ","'2020-6-4', ","'cash'), ","(700131, 200037, '12:1:6', 100015, '2020-6-4', 'cash'), "
700132,200005,debit,10:21:42,100014,4/11/2020,,,,"(700132, ","200005, ","'10:21:42', ","100014, ","'2020-4-11', ","'debit'), ","(700132, 200005, '10:21:42', 100014, '2020-4-11', 'debit'), "
700133,200007,credit,11:31:35,100003,8/4/2019,,,,"(700133, ","200007, ","'11:31:35', ","100003, ","'2019-8-4', ","'credit'), ","(700133, 200007, '11:31:35', 100003, '2019-8-4', 'credit'), "
700134,200123,cash,15:55:09,100008,3/31/2019,,,,"(700134, ","200123, ","'15:55:9', ","100008, ","'2019-3-31', ","'cash'), ","(700134, 200123, '15:55:9', 100008, '2019-3-31', 'cash'), "
700135,200148,debit,16:47:42,100020,1/4/2019,,,,"(700135, ","200148, ","'16:47:42', ","100020, ","'2019-1-4', ","'debit'), ","(700135, 200148, '16:47:42', 100020, '2019-1-4', 'debit'), "
700136,200013,debit,11:10:41,100007,10/6/2019,,,,"(700136, ","200013, ","'11:10:41', ","100007, ","'2019-10-6', ","'debit'), ","(700136, 200013, '11:10:41', 100007, '2019-10-6', 'debit'), "
700137,200026,cash,13:48:09,100001,1/3/2019,,,,"(700137, ","200026, ","'13:48:9', ","100001, ","'2019-1-3', ","'cash'), ","(700137, 200026, '13:48:9', 100001, '2019-1-3', 'cash'), "
700138,200027,credit,16:38:53,100016,2/29/2020,,,,"(700138, ","200027, ","'16:38:53', ","100016, ","'2020-2-29', ","'credit'), ","(700138, 200027, '16:38:53', 100016, '2020-2-29', 'credit'), "
700139,200117,credit,10:35:11,100017,2/26/2019,,,,"(700139, ","200117, ","'10:35:11', ","100017, ","'2019-2-26', ","'credit'), ","(700139, 200117, '10:35:11', 100017, '2019-2-26', 'credit'), "
700140,200079,cash,14:28:25,100010,10/26/2019,,,,"(700140, ","200079, ","'14:28:25', ","100010, ","'2019-10-26', ","'cash'), ","(700140, 200079, '14:28:25', 100010, '2019-10-26', 'cash'), "
700141,200066,cash,10:57:10,100020,6/8/2019,,,,"(700141, ","200066, ","'10:57:10', ","100020, ","'2019-6-8', ","'cash'), ","(700141, 200066, '10:57:10', 100020, '2019-6-8', 'cash'), "
700142,200095,debit,11:46:35,100012,8/28/2019,,,,"(700142, ","200095, ","'11:46:35', ","100012, ","'2019-8-28', ","'debit'), ","(700142, 200095, '11:46:35', 100012, '2019-8-28', 'debit'), "
700143,200018,cash,14:17:12,100016,9/24/2019,,,,"(700143, ","200018, ","'14:17:12', ","100016, ","'2019-9-24', ","'cash'), ","(700143, 200018, '14:17:12', 100016, '2019-9-24', 'cash'), "
700144,200107,debit,15:27:43,100008,4/18/2020,,,,"(700144, ","200107, ","'15:27:43', ","100008, ","'2020-4-18', ","'debit'), ","(700144, 200107, '15:27:43', 100008, '2020-4-18', 'debit'), "
700145,200052,debit,16:22:56,100012,1/16/2019,,,,"(700145, ","200052, ","'16:22:56', ","100012, ","'2019-1-16', ","'debit'), ","(700145, 200052, '16:22:56', 100012, '2019-1-16', 'debit'), "
700146,200099,debit,16:32:56,100008,4/17/2019,,,,"(700146, ","200099, ","'16:32:56', ","100008, ","'2019-4-17', ","'debit'), ","(700146, 200099, '16:32:56', 100008, '2019-4-17', 'debit'), "
700147,200049,credit,11:50:11,100014,2/18/2019,,,,"(700147, ","200049, ","'11:50:11', ","100014, ","'2019-2-18', ","'credit'), ","(700147, 200049, '11:50:11', 100014, '2019-2-18', 'credit'), "
700148,200042,credit,16:32:23,100009,12/13/2019,,,,"(700148, ","200042, ","'16:32:23', ","100009, ","'2019-12-13', ","'credit'), ","(700148, 200042, '16:32:23', 100009, '2019-12-13', 'credit'), "
700149,200098,credit,15:29:54,100018,7/19/2020,,,,"(700149, ","200098, ","'15:29:54', ","100018, ","'2020-7-19', ","'credit'), ","(700149, 200098, '15:29:54', 100018, '2020-7-19', 'credit'), "
700150,200080,credit,14:09:06,100016,5/1/2019,,,,"(700150, ","200080, ","'14:9:6', ","100016, ","'2019-5-1', ","'credit'), ","(700150, 200080, '14:9:6', 100016, '2019-5-1', 'credit'), "
700151,200007,cash,13:16:04,100011,10/12/2019,,,,"(700151, ","200007, ","'13:16:4', ","100011, ","'2019-10-12', ","'cash'), ","(700151, 200007, '13:16:4', 100011, '2019-10-12', 'cash'), "
700152,200114,debit,9:42:23,100021,1/23/2019,,,,"(700152, ","200114, ","'9:42:23', ","100021, ","'2019-1-23', ","'debit'), ","(700152, 200114, '9:42:23', 100021, '2019-1-23', 'debit'), "
700153,200032,debit,12:47:32,100012,8/25/2020,,,,"(700153, ","200032, ","'12:47:32', ","100012, ","'2020-8-25', ","'debit'), ","(700153, 200032, '12:47:32', 100012, '2020-8-25', 'debit'), "
700154,200123,credit,15:46:11,100012,5/24/2019,,,,"(700154, ","200123, ","'15:46:11', ","100012, ","'2019-5-24', ","'credit'), ","(700154, 200123, '15:46:11', 100012, '2019-5-24', 'credit'), "
700155,200066,cash,13:05:23,100021,3/20/2019,,,,"(700155, ","200066, ","'13:5:23', ","100021, ","'2019-3-20', ","'cash'), ","(700155, 200066, '13:5:23', 100021, '2019-3-20', 'cash'), "
700156,200137,debit,14:43:37,100001,10/13/2020,,,,"(700156, ","200137, ","'14:43:37', ","100001, ","'2020-10-13', ","'debit'), ","(700156, 200137, '14:43:37', 100001, '2020-10-13', 'debit'), "
700157,200044,cash,11:27:40,100011,10/30/2019,,,,"(700157, ","200044, ","'11:27:40', ","100011, ","'2019-10-30', ","'cash'), ","(700157, 200044, '11:27:40', 100011, '2019-10-30', 'cash'), "
700158,200056,credit,13:58:35,100008,5/21/2019,,,,"(700158, ","200056, ","'13:58:35', ","100008, ","'2019-5-21', ","'credit'), ","(700158, 200056, '13:58:35', 100008, '2019-5-21', 'credit'), "
700159,200047,cash,15:20:57,100010,11/9/2019,,,,"(700159, ","200047, ","'15:20:57', ","100010, ","'2019-11-9', ","'cash'), ","(700159, 200047, '15:20:57', 100010, '2019-11-9', 'cash'), "
700160,200056,credit,16:52:46,100002,9/1/2019,,,,"(700160, ","200056, ","'16:52:46', ","100002, ","'2019-9-1', ","'credit'), ","(700160, 200056, '16:52:46', 100002, '2019-9-1', 'credit'), "
700161,200005,debit,10:10:22,100004,2/6/2020,,,,"(700161, ","200005, ","'10:10:22', ","100004, ","'2020-2-6', ","'debit'), ","(700161, 200005, '10:10:22', 100004, '2020-2-6', 'debit'), "
700162,200045,credit,13:52:46,100008,7/17/2019,,,,"(700162, ","200045, ","'13:52:46', ","100008, ","'2019-7-17', ","'credit'), ","(700162, 200045, '13:52:46', 100008, '2019-7-17', 'credit'), "
700163,200081,credit,13:22:17,100004,4/24/2019,,,,"(700163, ","200081, ","'13:22:17', ","100004, ","'2019-4-24', ","'credit'), ","(700163, 200081, '13:22:17', 100004, '2019-4-24', 'credit'), "
700164,200075,credit,9:28:17,100015,8/22/2020,,,,"(700164, ","200075, ","'9:28:17', ","100015, ","'2020-8-22', ","'credit'), ","(700164, 200075, '9:28:17', 100015, '2020-8-22', 'credit'), "
700165,200041,debit,12:43:40,100015,11/17/2020,,,,"(700165, ","200041, ","'12:43:40', ","100015, ","'2020-11-17', ","'debit'), ","(700165, 200041, '12:43:40', 100015, '2020-11-17', 'debit'), "
700166,200068,debit,13:12:17,100013,3/17/2020,,,,"(700166, ","200068, ","'13:12:17', ","100013, ","'2020-3-17', ","'debit'), ","(700166, 200068, '13:12:17', 100013, '2020-3-17', 'debit'), "
700167,200137,debit,11:31:18,100012,12/20/2020,,,,"(700167, ","200137, ","'11:31:18', ","100012, ","'2020-12-20', ","'debit'), ","(700167, 200137, '11:31:18', 100012, '2020-12-20', 'debit'), "
700168,200105,cash,10:24:00,100020,6/1/2020,,,,"(700168, ","200105, ","'10:24:0', ","100020, ","'2020-6-1', ","'cash'), ","(700168, 200105, '10:24:0', 100020, '2020-6-1', 'cash'), "
700169,200092,credit,13:42:10,100020,11/9/2019,,,,"(700169, ","200092, ","'13:42:10', ","100020, ","'2019-11-9', ","'credit'), ","(700169, 200092, '13:42:10', 100020, '2019-11-9', 'credit'), "
700170,200141,cash,11:40:05,100016,9/1/2020,,,,"(700170, ","200141, ","'11:40:5', ","100016, ","'2020-9-1', ","'cash'), ","(700170, 200141, '11:40:5', 100016, '2020-9-1', 'cash'), "
700171,200132,cash,14:38:42,100005,10/14/2019,,,,"(700171, ","200132, ","'14:38:42', ","100005, ","'2019-10-14', ","'cash'), ","(700171, 200132, '14:38:42', 100005, '2019-10-14', 'cash'), "
700172,200047,debit,14:53:49,100017,1/31/2020,,,,"(700172, ","200047, ","'14:53:49', ","100017, ","'2020-1-31', ","'debit'), ","(700172, 200047, '14:53:49', 100017, '2020-1-31', 'debit'), "
700173,200128,credit,11:00:11,100018,11/24/2019,,,,"(700173, ","200128, ","'11:0:11', ","100018, ","'2019-11-24', ","'credit'), ","(700173, 200128, '11:0:11', 100018, '2019-11-24', 'credit'), "
700174,200105,credit,13:06:21,100016,11/7/2020,,,,"(700174, ","200105, ","'13:6:21', ","100016, ","'2020-11-7', ","'credit'), ","(700174, 200105, '13:6:21', 100016, '2020-11-7', 'credit'), "
700175,200110,cash,13:28:34,100018,2/25/2020,,,,"(700175, ","200110, ","'13:28:34', ","100018, ","'2020-2-25', ","'cash'), ","(700175, 200110, '13:28:34', 100018, '2020-2-25', 'cash'), "
700176,200082,cash,9:18:32,100010,4/26/2020,,,,"(700176, ","200082, ","'9:18:32', ","100010, ","'2020-4-26', ","'cash'), ","(700176, 200082, '9:18:32', 100010, '2020-4-26', 'cash'), "
700177,200028,debit,9:23:11,100012,10/30/2019,,,,"(700177, ","200028, ","'9:23:11', ","100012, ","'2019-10-30', ","'debit'), ","(700177, 200028, '9:23:11', 100012, '2019-10-30', 'debit'), "
700178,200124,debit,15:23:19,100008,4/23/2020,,,,"(700178, ","200124, ","'15:23:19', ","100008, ","'2020-4-23', ","'debit'), ","(700178, 200124, '15:23:19', 100008, '2020-4-23', 'debit'), "
700179,200108,credit,10:10:19,100006,6/20/2019,,,,"(700179, ","200108, ","'10:10:19', ","100006, ","'2019-6-20', ","'credit'), ","(700179, 200108, '10:10:19', 100006, '2019-6-20', 'credit'), "
700180,200120,credit,10:20:28,100009,8/18/2019,,,,"(700180, ","200120, ","'10:20:28', ","100009, ","'2019-8-18', ","'credit'), ","(700180, 200120, '10:20:28', 100009, '2019-8-18', 'credit'), "
700181,200072,cash,11:02:12,100021,10/20/2020,,,,"(700181, ","200072, ","'11:2:12', ","100021, ","'2020-10-20', ","'cash'), ","(700181, 200072, '11:2:12', 100021, '2020-10-20', 'cash'), "
700182,200026,debit,11:16:31,100013,5/23/2020,,,,"(700182, ","200026, ","'11:16:31', ","100013, ","'2020-5-23', ","'debit'), ","(700182, 200026, '11:16:31', 100013, '2020-5-23', 'debit'), "
700183,200021,credit,12:37:08,100012,12/28/2020,,,,"(700183, ","200021, ","'12:37:8', ","100012, ","'2020-12-28', ","'credit'), ","(700183, 200021, '12:37:8', 100012, '2020-12-28', 'credit'), "
700184,200103,cash,15:50:13,100008,11/4/2019,,,,"(700184, ","200103, ","'15:50:13', ","100008, ","'2019-11-4', ","'cash'), ","(700184, 200103, '15:50:13', 100008, '2019-11-4', 'cash'), "
700185,200062,debit,13:10:05,100020,11/15/2019,,,,"(700185, ","200062, ","'13:10:5', ","100020, ","'2019-11-15', ","'debit'), ","(700185, 200062, '13:10:5', 100020, '2019-11-15', 'debit'), "
700186,200001,credit,10:25:09,100006,2/7/2020,,,,"(700186, ","200001, ","'10:25:9', ","100006, ","'2020-2-7', ","'credit'), ","(700186, 200001, '10:25:9', 100006, '2020-2-7', 'credit'), "
700187,200117,cash,14:21:29,100009,4/30/2020,,,,"(700187, ","200117, ","'14:21:29', ","100009, ","'2020-4-30', ","'cash'), ","(700187, 200117, '14:21:29', 100009, '2020-4-30', 'cash'), "
700188,200036,credit,12:54:27,100008,8/27/2019,,,,"(700188, ","200036, ","'12:54:27', ","100008, ","'2019-8-27', ","'credit'), ","(700188, 200036, '12:54:27', 100008, '2019-8-27', 'credit'), "
700189,200135,debit,14:23:33,100002,11/30/2020,,,,"(700189, ","200135, ","'14:23:33', ","100002, ","'2020-11-30', ","'debit'), ","(700189, 200135, '14:23:33', 100002, '2020-11-30', 'debit'), "
700190,200070,cash,12:20:29,100019,12/30/2019,,,,"(700190, ","200070, ","'12:20:29', ","100019, ","'2019-12-30', ","'cash'), ","(700190, 200070, '12:20:29', 100019, '2019-12-30', 'cash'), "
700191,200091,cash,11:41:44,100007,2/21/2019,,,,"(700191, ","200091, ","'11:41:44', ","100007, ","'2019-2-21', ","'cash'), ","(700191, 200091, '11:41:44', 100007, '2019-2-21', 'cash'), "
700192,200036,debit,16:38:18,100021,3/6/2020,,,,"(700192, ","200036, ","'16:38:18', ","100021, ","'2020-3-6', ","'debit'), ","(700192, 200036, '16:38:18', 100021, '2020-3-6', 'debit'), "
700193,200139,credit,12:56:11,100011,3/18/2019,,,,"(700193, ","200139, ","'12:56:11', ","100011, ","'2019-3-18', ","'credit'), ","(700193, 200139, '12:56:11', 100011, '2019-3-18', 'credit'), "
700194,200079,cash,11:40:03,100012,10/11/2019,,,,"(700194, ","200079, ","'11:40:3', ","100012, ","'2019-10-11', ","'cash'), ","(700194, 200079, '11:40:3', 100012, '2019-10-11', 'cash'), "
700195,200089,credit,16:36:15,100014,10/2/2019,,,,"(700195, ","200089, ","'16:36:15', ","100014, ","'2019-10-2', ","'credit'), ","(700195, 200089, '16:36:15', 100014, '2019-10-2', 'credit'), "
700196,200056,credit,10:17:44,100002,6/22/2019,,,,"(700196, ","200056, ","'10:17:44', ","100002, ","'2019-6-22', ","'credit'), ","(700196, 200056, '10:17:44', 100002, '2019-6-22', 'credit'), "
700197,200141,cash,14:35:25,100017,3/28/2020,,,,"(700197, ","200141, ","'14:35:25', ","100017, ","'2020-3-28', ","'cash'), ","(700197, 200141, '14:35:25', 100017, '2020-3-28', 'cash'), "
700198,200049,debit,15:43:24,100021,5/10/2020,,,,"(700198, ","200049, ","'15:43:24', ","100021, ","'2020-5-10', ","'debit'), ","(700198, 200049, '15:43:24', 100021, '2020-5-10', 'debit'), "
700199,200146,credit,10:33:48,100018,6/30/2019,,,,"(700199, ","200146, ","'10:33:48', ","100018, ","'2019-6-30', ","'credit'), ","(700199, 200146, '10:33:48', 100018, '2019-6-30', 'credit'), "
700200,200047,cash,12:01:50,100006,9/14/2020,,,,"(700200, ","200047, ","'12:1:50', ","100006, ","'2020-9-14', ","'cash'), ","(700200, 200047, '12:1:50', 100006, '2020-9-14', 'cash'), "
700201,200039,credit,16:26:22,100021,1/15/2019,,,,"(700201, ","200039, ","'16:26:22', ","100021, ","'2019-1-15', ","'credit'), ","(700201, 200039, '16:26:22', 100021, '2019-1-15', 'credit'), "
700202,200086,credit,11:53:48,100011,9/17/2020,,,,"(700202, ","200086, ","'11:53:48', ","100011, ","'2020-9-17', ","'credit'), ","(700202, 200086, '11:53:48', 100011, '2020-9-17', 'credit'), "
700203,200123,credit,11:05:00,100014,9/24/2019,,,,"(700203, ","200123, ","'11:5:0', ","100014, ","'2019-9-24', ","'credit'), ","(700203, 200123, '11:5:0', 100014, '2019-9-24', 'credit'), "
700204,200041,debit,9:51:10,100006,5/9/2020,,,,"(700204, ","200041, ","'9:51:10', ","100006, ","'2020-5-9', ","'debit'), ","(700204, 200041, '9:51:10', 100006, '2020-5-9', 'debit'), "
700205,200033,cash,14:33:13,100005,9/17/2019,,,,"(700205, ","200033, ","'14:33:13', ","100005, ","'2019-9-17', ","'cash'), ","(700205, 200033, '14:33:13', 100005, '2019-9-17', 'cash'), "
700206,200075,credit,14:06:33,100003,8/22/2020,,,,"(700206, ","200075, ","'14:6:33', ","100003, ","'2020-8-22', ","'credit'), ","(700206, 200075, '14:6:33', 100003, '2020-8-22', 'credit'), "
700207,200005,credit,13:15:30,100006,10/18/2019,,,,"(700207, ","200005, ","'13:15:30', ","100006, ","'2019-10-18', ","'credit'), ","(700207, 200005, '13:15:30', 100006, '2019-10-18', 'credit'), "
700208,200037,credit,12:33:22,100018,1/30/2019,,,,"(700208, ","200037, ","'12:33:22', ","100018, ","'2019-1-30', ","'credit'), ","(700208, 200037, '12:33:22', 100018, '2019-1-30', 'credit'), "
700209,200050,cash,13:49:34,100003,3/8/2020,,,,"(700209, ","200050, ","'13:49:34', ","100003, ","'2020-3-8', ","'cash'), ","(700209, 200050, '13:49:34', 100003, '2020-3-8', 'cash'), "
700210,200067,credit,16:04:23,100005,12/30/2019,,,,"(700210, ","200067, ","'16:4:23', ","100005, ","'2019-12-30', ","'credit'), ","(700210, 200067, '16:4:23', 100005, '2019-12-30', 'credit'), "
700211,200045,cash,13:41:48,100021,2/20/2020,,,,"(700211, ","200045, ","'13:41:48', ","100021, ","'2020-2-20', ","'cash'), ","(700211, 200045, '13:41:48', 100021, '2020-2-20', 'cash'), "
700212,200049,cash,10:28:25,100019,6/22/2019,,,,"(700212, ","200049, ","'10:28:25', ","100019, ","'2019-6-22', ","'cash'), ","(700212, 200049, '10:28:25', 100019, '2019-6-22', 'cash'), "
700213,200100,cash,11:17:28,100007,11/27/2019,,,,"(700213, ","200100, ","'11:17:28', ","100007, ","'2019-11-27', ","'cash'), ","(700213, 200100, '11:17:28', 100007, '2019-11-27', 'cash'), "
700214,200053,credit,9:17:16,100006,7/31/2020,,,,"(700214, ","200053, ","'9:17:16', ","100006, ","'2020-7-31', ","'credit'), ","(700214, 200053, '9:17:16', 100006, '2020-7-31', 'credit'), "
700215,200147,debit,12:02:37,100008,9/4/2019,,,,"(700215, ","200147, ","'12:2:37', ","100008, ","'2019-9-4', ","'debit'), ","(700215, 200147, '12:2:37', 100008, '2019-9-4', 'debit'), "
700216,200003,credit,9:22:44,100020,1/25/2020,,,,"(700216, ","200003, ","'9:22:44', ","100020, ","'2020-1-25', ","'credit'), ","(700216, 200003, '9:22:44', 100020, '2020-1-25', 'credit'), "
700217,200121,cash,11:54:25,100005,7/11/2019,,,,"(700217, ","200121, ","'11:54:25', ","100005, ","'2019-7-11', ","'cash'), ","(700217, 200121, '11:54:25', 100005, '2019-7-11', 'cash'), "
700218,200121,cash,10:00:41,100006,3/28/2019,,,,"(700218, ","200121, ","'10:0:41', ","100006, ","'2019-3-28', ","'cash'), ","(700218, 200121, '10:0:41', 100006, '2019-3-28', 'cash'), "
700219,200043,cash,11:35:26,100014,1/31/2019,,,,"(700219, ","200043, ","'11:35:26', ","100014, ","'2019-1-31', ","'cash'), ","(700219, 200043, '11:35:26', 100014, '2019-1-31', 'cash'), "
700220,200001,credit,11:02:14,100020,3/24/2020,,,,"(700220, ","200001, ","'11:2:14', ","100020, ","'2020-3-24', ","'credit'), ","(700220, 200001, '11:2:14', 100020, '2020-3-24', 'credit'), "
700221,200031,credit,15:38:49,100004,10/25/2020,,,,"(700221, ","200031, ","'15:38:49', ","100004, ","'2020-10-25', ","'credit'), ","(700221, 200031, '15:38:49', 100004, '2020-10-25', 'credit'), "
700222,200027,debit,14:33:50,100017,7/7/2020,,,,"(700222, ","200027, ","'14:33:50', ","100017, ","'2020-7-7', ","'debit'), ","(700222, 200027, '14:33:50', 100017, '2020-7-7', 'debit'), "
700223,200008,cash,10:06:27,100006,12/24/2019,,,,"(700223, ","200008, ","'10:6:27', ","100006, ","'2019-12-24', ","'cash'), ","(700223, 200008, '10:6:27', 100006, '2019-12-24', 'cash'), "
700224,200085,cash,14:03:23,100009,9/20/2020,,,,"(700224, ","200085, ","'14:3:23', ","100009, ","'2020-9-20', ","'cash'), ","(700224, 200085, '14:3:23', 100009, '2020-9-20', 'cash'), "
700225,200140,credit,12:03:44,100004,4/12/2019,,,,"(700225, ","200140, ","'12:3:44', ","100004, ","'2019-4-12', ","'credit'), ","(700225, 200140, '12:3:44', 100004, '2019-4-12', 'credit'), "
700226,200104,cash,10:03:06,100011,12/20/2019,,,,"(700226, ","200104, ","'10:3:6', ","100011, ","'2019-12-20', ","'cash'), ","(700226, 200104, '10:3:6', 100011, '2019-12-20', 'cash'), "
700227,200080,credit,13:44:16,100005,11/2/2019,,,,"(700227, ","200080, ","'13:44:16', ","100005, ","'2019-11-2', ","'credit'), ","(700227, 200080, '13:44:16', 100005, '2019-11-2', 'credit'), "
700228,200059,debit,13:11:47,100015,11/27/2019,,,,"(700228, ","200059, ","'13:11:47', ","100015, ","'2019-11-27', ","'debit'), ","(700228, 200059, '13:11:47', 100015, '2019-11-27', 'debit'), "
700229,200034,cash,10:28:59,100002,8/10/2019,,,,"(700229, ","200034, ","'10:28:59', ","100002, ","'2019-8-10', ","'cash'), ","(700229, 200034, '10:28:59', 100002, '2019-8-10', 'cash'), "
700230,200057,credit,15:27:36,100008,8/3/2020,,,,"(700230, ","200057, ","'15:27:36', ","100008, ","'2020-8-3', ","'credit'), ","(700230, 200057, '15:27:36', 100008, '2020-8-3', 'credit'), "
700231,200102,credit,12:06:15,100021,3/25/2020,,,,"(700231, ","200102, ","'12:6:15', ","100021, ","'2020-3-25', ","'credit'), ","(700231, 200102, '12:6:15', 100021, '2020-3-25', 'credit'), "
700232,200077,debit,14:17:44,100015,7/18/2019,,,,"(700232, ","200077, ","'14:17:44', ","100015, ","'2019-7-18', ","'debit'), ","(700232, 200077, '14:17:44', 100015, '2019-7-18', 'debit'), "
700233,200004,credit,10:38:24,100005,12/12/2020,,,,"(700233, ","200004, ","'10:38:24', ","100005, ","'2020-12-12', ","'credit'), ","(700233, 200004, '10:38:24', 100005, '2020-12-12', 'credit'), "
700234,200058,debit,13:54:33,100011,3/10/2019,,,,"(700234, ","200058, ","'13:54:33', ","100011, ","'2019-3-10', ","'debit'), ","(700234, 200058, '13:54:33', 100011, '2019-3-10', 'debit'), "
700235,200100,cash,13:44:59,100003,8/10/2019,,,,"(700235, ","200100, ","'13:44:59', ","100003, ","'2019-8-10', ","'cash'), ","(700235, 200100, '13:44:59', 100003, '2019-8-10', 'cash'), "
700236,200067,credit,12:13:01,100017,7/5/2019,,,,"(700236, ","200067, ","'12:13:1', ","100017, ","'2019-7-5', ","'credit'), ","(700236, 200067, '12:13:1', 100017, '2019-7-5', 'credit'), "
700237,200144,credit,10:56:13,100006,4/22/2020,,,,"(700237, ","200144, ","'10:56:13', ","100006, ","'2020-4-22', ","'credit'), ","(700237, 200144, '10:56:13', 100006, '2020-4-22', 'credit'), "
700238,200008,cash,16:52:44,100004,4/3/2020,,,,"(700238, ","200008, ","'16:52:44', ","100004, ","'2020-4-3', ","'cash'), ","(700238, 200008, '16:52:44', 100004, '2020-4-3', 'cash'), "
700239,200071,debit,14:38:23,100009,9/18/2019,,,,"(700239, ","200071, ","'14:38:23', ","100009, ","'2019-9-18', ","'debit'), ","(700239, 200071, '14:38:23', 100009, '2019-9-18', 'debit'), "
700240,200128,debit,15:02:27,100021,6/10/2020,,,,"(700240, ","200128, ","'15:2:27', ","100021, ","'2020-6-10', ","'debit'), ","(700240, 200128, '15:2:27', 100021, '2020-6-10', 'debit'), "
700241,200123,debit,10:05:23,100008,3/16/2019,,,,"(700241, ","200123, ","'10:5:23', ","100008, ","'2019-3-16', ","'debit'), ","(700241, 200123, '10:5:23', 100008, '2019-3-16', 'debit'), "
700242,200120,debit,15:13:00,100004,8/26/2019,,,,"(700242, ","200120, ","'15:13:0', ","100004, ","'2019-8-26', ","'debit'), ","(700242, 200120, '15:13:0', 100004, '2019-8-26', 'debit'), "
700243,200140,cash,12:39:37,100001,7/26/2019,,,,"(700243, ","200140, ","'12:39:37', ","100001, ","'2019-7-26', ","'cash'), ","(700243, 200140, '12:39:37', 100001, '2019-7-26', 'cash'), "
700244,200031,credit,15:37:53,100002,10/21/2020,,,,"(700244, ","200031, ","'15:37:53', ","100002, ","'2020-10-21', ","'credit'), ","(700244, 200031, '15:37:53', 100002, '2020-10-21', 'credit'), "
700245,200021,cash,11:29:45,100007,11/5/2020,,,,"(700245, ","200021, ","'11:29:45', ","100007, ","'2020-11-5', ","'cash'), ","(700245, 200021, '11:29:45', 100007, '2020-11-5', 'cash'), "
700246,200087,debit,11:43:23,100021,5/1/2020,,,,"(700246, ","200087, ","'11:43:23', ","100021, ","'2020-5-1', ","'debit'), ","(700246, 200087, '11:43:23', 100021, '2020-5-1', 'debit'), "
700247,200053,debit,9:10:39,100008,1/17/2019,,,,"(700247, ","200053, ","'9:10:39', ","100008, ","'2019-1-17', ","'debit'), ","(700247, 200053, '9:10:39', 100008, '2019-1-17', 'debit'), "
700248,200138,cash,15:20:12,100015,5/10/2020,,,,"(700248, ","200138, ","'15:20:12', ","100015, ","'2020-5-10', ","'cash'), ","(700248, 200138, '15:20:12', 100015, '2020-5-10', 'cash'), "
700249,200127,cash,16:52:08,100008,6/30/2020,,,,"(700249, ","200127, ","'16:52:8', ","100008, ","'2020-6-30', ","'cash'), ","(700249, 200127, '16:52:8', 100008, '2020-6-30', 'cash'), "
700250,200046,credit,11:45:25,100021,10/1/2020,,,,"(700250, ","200046, ","'11:45:25', ","100021, ","'2020-10-1', ","'credit'), ","(700250, 200046, '11:45:25', 100021, '2020-10-1', 'credit'), "
