INSERT INTO supplier VALUES
(300001, 'Perry', 'Patton', '919-373-2500', 'PerryMPatton@cuvox.de'), 
(300002, 'Terry', 'Wright', '617-501-7572', 'TerryPWright@jourrapide.com'), 
(300003, 'Ruby', 'Krug', '509-973-9281', 'RubyGKrug@fleckens.hu'), 
(300004, 'Ruby', 'Linder', '617-454-8169', 'RubyELinder@fleckens.hu'), 
(300005, 'Joann', 'Mercado', '856-314-8053', 'JoannJMercado@jourrapide.com'), 
(300006, 'Joshua', 'Mutchler', '417-744-4516', 'JoshuaRMutchler@gustr.com'), 
(300007, 'Michael', 'Joyce', '845-807-8789', 'MichaelSJoyce@superrito.com'), 
(300008, 'Pearl', 'Keith', '828-926-5944', 'PearlJKeith@jourrapide.com'), 
(300009, 'David', 'Morrison', '856-912-7215', 'DavidGMorrison@dayrep.com'), 
(300010, 'Terry', 'Davis', '914-500-1565', 'TerryRDavis@teleworm.us'), 
(300011, 'Neal', 'Unger', '301-673-4281', 'NealDUnger@einrot.com'), 
(300012, 'Alice', 'Pendergraft', '573-808-0587', 'AliceFPendergraft@jourrapide.com'), 
(300013, 'Vincent', 'Roman', '814-762-2655', 'VincentTRoman@superrito.com'), 
(300014, 'William', 'Mosca', '505-565-9252', 'WilliamAMosca@jourrapide.com'), 
(300015, 'Randall', 'Varner', '941-479-9198', 'RandallMVarner@armyspy.com'), 
(300016, 'Dawn', 'Martin', '407-292-8054', 'DawnRMartin@fleckens.hu'), 
(300017, 'Laura', 'Boyers', '402-325-1237', 'LauraHBoyers@cuvox.de'), 
(300018, 'Donald', 'Pinder', '231-649-2896', 'DonaldDPinder@gustr.com'), 
(300019, 'Willie', 'Nielsen', '724-380-2142', 'WillieCNielsen@teleworm.us'), 
(300020, 'Christopher', 'Carter', '734-658-5575', 'ChristopherSCarter@gustr.com'), 
(300021, 'Jeffrey', 'Boichuk', '382-134-1391', 'jeffreyboichuk@gmail.com');

INSERT INTO employee VALUES
(100001, 	'Joseph','Lewis', 	'JosephMLewis@einrot.com', 	'803-658-5450', 	8255, 	11.33),
(100002, 	'Santiago', 	'Baker', 	'SantiagoEBaker@gustr.com', 	'281-264-3223', 	8108, 	23.94),
(100003, 	'Carolyn', 	'Barnes', 	'CarolynRBarnes@cuvox.de', 	'713-474-5481', 	9543, 	11.08),
(100004, 	'Arthur', 	'Stone', 	'ArthurFStone@fleckens.hu', 	'215-256-6105', 	1858, 	15.6),
(100005, 	'David', 	'Stroup', 	'DavidHStroup@dayrep.com', 	'718-689-3513', 	5102, 	21.62),
(100006, 	'Mikel', 	'Myres', 	'MikelAMyres@fleckens.hu', 	'205-317-4481', 	14858, 	14.06),
(100007, 	'Alpha', 	'Mills', 	'AlphaAMills@jourrapide.com', 	'262-685-5804', 	5388, 	10.43),
(100008, 	'Thomas', 	'Touchstone', 	'ThomasSTouchstone@jourrapide.com', 	'503-569-1143', 	5283, 	25.12),
(100009, 	'Kristin', 	'Florez', 	'KristinAFlorez@einrot.com', 	'925-259-6594', 	4487, 	21.93),
(100010, 	'Gerald', 	'Alexander', 	'GeraldAAlexander@teleworm.us', 	'907-301-9404', 	4786, 	15.14),
(100011, 	'Ruby', 	'Silas', 	'RubySSilas@rhyta.com', 	'704-441-6603', 	8013, 	20.35),
(100012, 	'Ruby', 	'Price', 	'RubyNPrice@einrot.com', 	'734-578-6623', 	6350, 	14.95),
(100013, 	'Joe', 	'Chiodo', 	'JoeLChiodo@cuvox.de', 	'423-299-9193', 	16114, 	19.31),
(100014, 	'Pamela', 	'Lehto', 	'PamelaTLehto@cuvox.de', 	'978-677-6434', 	16670, 	11.26),
(100015, 	'Robert', 	'Love', 	'RobertCLove@einrot.com', 	'973-960-0082', 	10039, 	17.88),
(100016, 	'Jeff', 	'Stutts', 	'RussellMStutts@jourrapide.com', 	'912-916-5376', 	9493, 	22.35),
(100017, 	'Joann', 	'Delatorre', 	'JoannHDelatorre@cuvox.de', 	'313-365-3624', 	8583, 	11.88),
(100018, 	'Gwendolyn', 	'Bray', 	'GwendolynCBray@einrot.com', 	'402-349-4179', 	9512, 	18.23),
(100019, 	'Brad', 	'Cook', 	'BradRCook@armyspy.com', 	'503-998-6678', 	3068, 	24.47),
(100020, 	'Katherine', 	'Booker', 	'KatherineJBooker@fleckens.hu', 	'270-288-7288', 	5532, 	11.38),
(100021, 	'Paula', 	'Gallegos', 	'PaulaHGallegos@jourrapide.com', 	'585-293-7490', 	13900, 	18.86);

INSERT INTO customer VALUES
(200001, 'Joseph', 'Robinson', 'JosephARobinson@gustr.com', '580-997-6868', 'Wholesaler'), 
(200002, 'Thomas', 'Loftis', 'ThomasRLoftis@jourrapide.com', '256-513-5661', 'Wholesaler'), 
(200003, 'Mary', 'Vanbuskirk', 'MaryFVanbuskirk@fleckens.hu', '304-524-6512', 'Reseller'), 
(200004, 'Tiffany', 'Moreno', 'TiffanyDMoreno@rhyta.com', '415-970-0782', 'Wholesaler'), 
(200005, 'Francisco', 'James', 'FranciscoCJames@cuvox.de', '925-621-9338', 'Reseller'), 
(200006, 'Eddie', 'Halls', 'EddieGHalls@cuvox.de', '217-828-5784', 'Wholesaler'), 
(200007, 'John', 'Mistretta', 'JohnIMistretta@jourrapide.com', '215-291-8471', 'Reseller'), 
(200008, 'Bonnie', 'Blocher', 'BonnieRBlocher@armyspy.com', '423-963-3221', 'Surfer'), 
(200009, 'Laura', 'Thompson', 'LauraAThompson@fleckens.hu', '815-819-9551', 'Surfer'), 
(200010, 'Kenneth', 'Swain', 'KennethMSwain@superrito.com', '320-398-1684', 'Wholesaler'), 
(200011, 'Dennis', 'Nesbitt', 'DennisGNesbitt@armyspy.com', '419-422-1407', 'Reseller'), 
(200012, 'James', 'Ellis', 'JamesMEllis@armyspy.com', '308-752-6588', 'Wholesaler'), 
(200013, 'Jose', 'Frazee', 'JoseHFrazee@rhyta.com', '402-235-2968', 'Surfer'), 
(200014, 'Martin', 'Grinder', 'MartinOGrinder@teleworm.us', '803-325-9408', 'Reseller'), 
(200015, 'William', 'Beaty', 'WilliamPBeaty@gustr.com', '973-633-9521', 'Reseller'), 
(200016, 'Gary', 'Picard', 'GaryFPicard@armyspy.com', '818-592-7560', 'Surfer'), 
(200017, 'Amanda', 'Olsen', 'AmandaTOlsen@cuvox.de', '218-345-7173', 'Reseller'), 
(200018, 'Beatrice', 'Skinner', 'BeatriceLSkinner@teleworm.us', '423-207-7951', 'Surfer'), 
(200019, 'Nannie', 'McMillian', 'NannieCMcMillian@superrito.com', '224-715-0118', 'Reseller'), 
(200020, 'Robert', 'Gatewood', 'RobertCGatewood@dayrep.com', '619-253-2239', 'Wholesaler'), 
(200021, 'Donald', 'Bayne', 'DonaldNBayne@rhyta.com', '830-505-0603', 'Reseller'), 
(200022, 'James', 'Carrington', 'JamesRCarrington@einrot.com', '817-395-7380', 'Surfer'), 
(200023, 'Clifford', 'Fanelli', 'CliffordLFanelli@einrot.com', '985-346-7870', 'Surfer'), 
(200024, 'Thomas', 'Wood', 'ThomasAWood@fleckens.hu', '360-508-0528', 'Reseller'), 
(200025, 'Ruben', 'Haire', 'RubenRHaire@teleworm.us', '803-588-7916', 'Wholesaler'), 
(200026, 'Rebecca', 'Fuller', 'RebeccaRFuller@einrot.com', '920-634-7589', 'Reseller'), 
(200027, 'Brian', 'Sexton', 'BrianCSexton@superrito.com', '843-559-2202', 'Wholesaler'), 
(200028, 'Joseph', 'Francis', 'JosephCFrancis@dayrep.com', '315-364-4411', 'Wholesaler'), 
(200029, 'Leonard', 'Webster', 'LeonardKWebster@gustr.com', '850-929-1355', 'Reseller'), 
(200030, 'David', 'Minard', 'DavidEMinard@superrito.com', '615-729-9189', 'Surfer'), 
(200031, 'Patricia', 'Joseph', 'PatriciaRJoseph@fleckens.hu', '609-430-4636', 'Surfer'), 
(200032, 'Dina', 'Richter', 'DinaMRichter@einrot.com', '310-606-8120', 'Reseller'), 
(200033, 'Jay', 'Harrington', 'JayKHarrington@teleworm.us', '412-665-0187', 'Wholesaler'), 
(200034, 'Johnnie', 'Russell', 'JohnnieDRussell@einrot.com', '570-440-1362', 'Surfer'), 
(200035, 'Richard', 'Simmons', 'RichardKSimmons@dayrep.com', '650-378-6176', 'Surfer'), 
(200036, 'Gene', 'Daughtrey', 'GeneRDaughtrey@einrot.com', '815-549-3449', 'Surfer'), 
(200037, 'Donald', 'Brown', 'DonaldTBrown@superrito.com', '313-667-6304', 'Surfer'), 
(200038, 'Jona', 'Reynolds', 'JonaRReynolds@rhyta.com', '504-884-4488', 'Wholesaler'), 
(200039, 'John', 'Simmons', 'JohnCSimmons@dayrep.com', '502-413-7653', 'Reseller'), 
(200040, 'Gary', 'Hoch', 'GaryPHoch@superrito.com', '203-770-8362', 'Wholesaler'), 
(200041, 'Kelly', 'Dey', 'KellyJDey@teleworm.us', '425-828-9113', 'Wholesaler'), 
(200042, 'Katherine', 'Marchese', 'KatherineSMarchese@einrot.com', '661-575-3707', 'Wholesaler'), 
(200043, 'Betty', 'Olivier', 'BettyAOlivier@cuvox.de', '254-255-0446', 'Reseller'), 
(200044, 'Rosetta', 'Cannella', 'RosettaJCannella@dayrep.com', '712-682-2889', 'Reseller'), 
(200045, 'Jared', 'Beard', 'JaredBBeard@superrito.com', '806-355-6204', 'Wholesaler'), 
(200046, 'Raymon', 'Gooding', 'RaymonLGooding@teleworm.us', '812-397-4292', 'Surfer'), 
(200047, 'Aaron', 'Lay', 'AaronFLay@einrot.com', '920-889-7790', 'Wholesaler'), 
(200048, 'Charlie', 'Swing', 'CharlieLSwing@teleworm.us', '336-636-3146', 'Wholesaler'), 
(200049, 'James', 'Lowe', 'JamesSLowe@superrito.com', '585-636-4943', 'Surfer'), 
(200050, 'Robert', 'Bell', 'RobertIBell@rhyta.com', '706-245-0527', 'Reseller'), 
(200051, 'Vernie', 'Velasco', 'VernieNVelasco@armyspy.com', '607-798-3999', 'Wholesaler'), 
(200052, 'Jon', 'Victorino', 'JonDVictorino@rhyta.com', '845-943-2987', 'Reseller'), 
(200053, 'Ernestine', 'Lewin', 'ErnestineMLewin@rhyta.com', '941-362-3719', 'Reseller'), 
(200054, 'Eric', 'Harmon', 'EricRHarmon@rhyta.com', '309-530-6430', 'Wholesaler'), 
(200055, 'Wallace', 'Lutz', 'WallaceELutz@jourrapide.com', '407-933-1036', 'Surfer'), 
(200056, 'Angel', 'Gerry', 'AngelGGerry@einrot.com', '305-954-9783', 'Reseller'), 
(200057, 'Tracy', 'Hirschman', 'TracySHirschman@fleckens.hu', '435-381-5980', 'Surfer'), 
(200058, 'Robert', 'Homan', 'RobertEHoman@rhyta.com', '610-616-4529', 'Reseller'), 
(200059, 'Calvin', 'Mason', 'CalvinSMason@teleworm.us', '832-858-4812', 'Surfer'), 
(200060, 'Deirdre', 'Reyes', 'DeirdreGReyes@teleworm.us', '678-353-9324', 'Wholesaler'), 
(200061, 'Ronald', 'Watkins', 'RonaldBWatkins@einrot.com', '415-551-2465', 'Reseller'), 
(200062, 'Maude', 'Proper', 'MaudePProper@gustr.com', '321-254-8893', 'Wholesaler'), 
(200063, 'Samuel', 'Navarre', 'SamuelNNavarre@jourrapide.com', '914-805-6973', 'Reseller'), 
(200064, 'Robert', 'Steele', 'RobertCSteele@einrot.com', '970-515-7810', 'Reseller'), 
(200065, 'Jerald', 'Drennen', 'JeraldADrennen@cuvox.de', '408-501-1538', 'Wholesaler'), 
(200066, 'Laurie', 'Bryant', 'LaurieDBryant@rhyta.com', '812-237-8970', 'Wholesaler'), 
(200067, 'Barbara', 'Dills', 'BarbaraJDills@jourrapide.com', '406-935-7622', 'Reseller'), 
(200068, 'Lacy', 'Raminez', 'LacyMRaminez@einrot.com', '212-746-6117', 'Surfer'), 
(200069, 'Arlene', 'Hooks', 'ArleneJHooks@jourrapide.com', '212-868-6945', 'Wholesaler'), 
(200070, 'William', 'Wade', 'WilliamSWade@einrot.com', '815-603-4514', 'Reseller'), 
(200071, 'Ann', 'Cabral', 'AnnJCabral@armyspy.com', '781-656-2074', 'Reseller'), 
(200072, 'Mary', 'Emerson', 'MaryEEmerson@superrito.com', '804-761-9140', 'Surfer'), 
(200073, 'Meghan', 'Sanderson', 'MeghanLSanderson@jourrapide.com', '312-217-7475', 'Surfer'), 
(200074, 'Daniel', 'Kelly', 'DanielCKelly@cuvox.de', '732-960-7488', 'Surfer'), 
(200075, 'Shirley', 'Andrews', 'ShirleyJAndrews@rhyta.com', '618-725-7754', 'Surfer'), 
(200076, 'Christopher', 'Norton', 'ChristopherDNorton@fleckens.hu', '607-293-0814', 'Surfer'), 
(200077, 'Shauna', 'Valenti', 'ShaunaTValenti@cuvox.de', '703-638-3539', 'Reseller'), 
(200078, 'Gregoria', 'Bridgers', 'GregoriaPBridgers@superrito.com', '419-455-4799', 'Surfer'), 
(200079, 'Veronica', 'Rinaldi', 'VeronicaMRinaldi@armyspy.com', '920-707-1842', 'Reseller'), 
(200080, 'Carolyn', 'Mayne', 'CarolynRMayne@superrito.com', '740-696-1150', 'Reseller'), 
(200081, 'Joshua', 'Obryan', 'JoshuaEObryan@rhyta.com', '262-775-1726', 'Reseller'), 
(200082, 'Reba', 'Brown', 'RebaWBrown@superrito.com', '973-904-7523', 'Reseller'), 
(200083, 'Keisha', 'Palmer', 'KeishaCPalmer@rhyta.com', '228-214-6344', 'Wholesaler'), 
(200084, 'Sadye', 'Brandow', 'SadyeHBrandow@cuvox.de', '315-648-2865', 'Surfer'), 
(200085, 'Beulah', 'Crawley', 'BeulahHCrawley@jourrapide.com', '478-808-1961', 'Surfer'), 
(200086, 'Gregory', 'Towle', 'GregoryFTowle@fleckens.hu', '440-829-1924', 'Reseller'), 
(200087, 'Shanita', 'Knopp', 'ShanitaJKnopp@fleckens.hu', '317-869-3722', 'Reseller'), 
(200088, 'Larry', 'Deel', 'LarryJDeel@jourrapide.com', '501-858-6664', 'Reseller'), 
(200089, 'Edward', 'Regalado', 'EdwardTRegalado@rhyta.com', '415-715-4508', 'Surfer'), 
(200090, 'Sondra', 'Phinney', 'SondraRPhinney@einrot.com', '337-380-9812', 'Wholesaler'), 
(200091, 'Kenneth', 'Chafin', 'KennethDChafin@teleworm.us', '313-627-4199', 'Wholesaler'), 
(200092, 'Floy', 'Clark', 'FloyBClark@jourrapide.com', '504-554-3017', 'Reseller'), 
(200093, 'Cindy', 'Holmes', 'CindyJHolmes@fleckens.hu', '912-291-7165', 'Wholesaler'), 
(200094, 'Jesus', 'Young', 'JesusKYoung@gustr.com', '863-546-4582', 'Surfer'), 
(200095, 'Deborah', 'Brooks', 'DeborahGBrooks@rhyta.com', '601-608-0424', 'Wholesaler'), 
(200096, 'Luis', 'Keene', 'LuisLKeene@teleworm.us', '606-244-6726', 'Surfer'), 
(200097, 'Ashley', 'Cox', 'AshleyDCox@dayrep.com', '406-337-5972', 'Wholesaler'), 
(200098, 'Andy', 'Bradford', 'AndyPBradford@superrito.com', '631-943-9068', 'Reseller'), 
(200099, 'Patricia', 'Bohon', 'PatriciaABohon@jourrapide.com', '540-468-0510', 'Surfer'), 
(200100, 'Matthew', 'Bowman', 'MatthewJBowman@dayrep.com', '803-913-1992', 'Wholesaler'), 
(200101, 'Keith', 'Herr', 'KeithLHerr@teleworm.us', '843-483-5850', 'Surfer'), 
(200102, 'Raymond', 'Nelson', 'RaymondLNelson@jourrapide.com', '620-306-0469', 'Wholesaler'), 
(200103, 'Kizzy', 'Goetz', 'KizzyKGoetz@jourrapide.com', '207-621-2386', 'Reseller'), 
(200104, 'Dorothy', 'Edwards', 'DorothyEEdwards@rhyta.com', '262-684-4515', 'Wholesaler'), 
(200105, 'Veronica', 'Toney', 'VeronicaJToney@superrito.com', '972-458-2657', 'Surfer'), 
(200106, 'Tanner', 'Wallace', 'TannerJWallace@gustr.com', '321-327-5751', 'Surfer'), 
(200107, 'William', 'Boyle', 'WilliamTBoyle@rhyta.com', '336-733-9036', 'Surfer'), 
(200108, 'Terri', 'Butler', 'TerriSButler@rhyta.com', '469-854-2036', 'Surfer'), 
(200109, 'Della', 'Kidd', 'DellaAKidd@fleckens.hu', '718-218-0594', 'Surfer'), 
(200110, 'Jeanine', 'Wachter', 'JeanineMWachter@cuvox.de', '606-639-9659', 'Surfer'), 
(200111, 'Thomas', 'Lewis', 'ThomasLLewis@superrito.com', '615-775-0435', 'Reseller'), 
(200112, 'James', 'Davis', 'JamesLDavis@superrito.com', '626-653-3675', 'Reseller'), 
(200113, 'Sarah', 'Colvin', 'SarahDColvin@dayrep.com', '484-255-0610', 'Reseller'), 
(200114, 'Jeanette', 'Cornett', 'JeanetteACornett@superrito.com', '361-857-3746', 'Surfer'), 
(200115, 'Peter', 'Jordan', 'PeterDJordan@einrot.com', '267-795-1055', 'Wholesaler'), 
(200116, 'Donald', 'Cohen', 'DonaldCCohen@fleckens.hu', '605-346-3473', 'Wholesaler'), 
(200117, 'Michael', 'Lord', 'MichaelRLord@cuvox.de', '801-233-5971', 'Reseller'), 
(200118, 'Keri', 'Sears', 'KeriJSears@armyspy.com', '904-589-6166', 'Surfer'), 
(200119, 'Jeff', 'Matz', 'JeffCMatz@superrito.com', '224-655-2420', 'Surfer'), 
(200120, 'Pearl', 'Howard', 'PearlCHoward@dayrep.com', '412-367-6573', 'Reseller'), 
(200121, 'Cheryl', 'Edwards', 'CherylPEdwards@gustr.com', '304-371-0791', 'Surfer'), 
(200122, 'Douglas', 'Dyar', 'DouglasMDyar@jourrapide.com', '765-889-8420', 'Wholesaler'), 
(200123, 'John', 'Troutt', 'JohnHTroutt@rhyta.com', '386-935-6776', 'Reseller'), 
(200124, 'Keith', 'Lyles', 'KeithRLyles@cuvox.de', '812-450-3378', 'Reseller'), 
(200125, 'Barbara', 'Boone', 'BarbaraVBoone@rhyta.com', '830-841-9163', 'Surfer'), 
(200126, 'Alice', 'Johnson', 'AliceHJohnson@teleworm.us', '678-498-8374', 'Wholesaler'), 
(200127, 'Sam', 'Gordon', 'SamMGordon@dayrep.com', '201-848-0553', 'Reseller'), 
(200128, 'Gloria', 'Manning', 'GloriaMManning@gustr.com', '972-646-8611', 'Surfer'), 
(200129, 'Eva', 'Jeffrey', 'EvaTJeffrey@dayrep.com', '406-526-6620', 'Reseller'), 
(200130, 'Leonard', 'Davis', 'LeonardSDavis@einrot.com', '972-626-9849', 'Reseller'), 
(200131, 'Clifton', 'Smith', 'CliftonASmith@superrito.com', '415-225-7805', 'Surfer'), 
(200132, 'Jeffrey', 'Allen', 'JeffreySAllen@cuvox.de', '609-721-4715', 'Surfer'), 
(200133, 'Michael', 'Byrd', 'MichaelBByrd@cuvox.de', '931-668-0050', 'Surfer'), 
(200134, 'John', 'Williams', 'JohnMWilliams@dayrep.com', '408-342-6867', 'Surfer'), 
(200135, 'Leroy', 'Boyd', 'LeroyPBoyd@armyspy.com', '717-307-0550', 'Wholesaler'), 
(200136, 'Jacob', 'Homer', 'JacobSHomer@einrot.com', '305-213-9479', 'Wholesaler'), 
(200137, 'Karen', 'Green', 'KarenCGreen@superrito.com', '812-790-3875', 'Reseller'), 
(200138, 'Thomas', 'Kraus', 'ThomasAKraus@dayrep.com', '229-821-7979', 'Reseller'), 
(200139, 'Mathew', 'Farmer', 'MathewPFarmer@cuvox.de', '812-392-8535', 'Reseller'), 
(200140, 'Garth', 'Quinn', 'GarthDQuinn@superrito.com', '212-856-2535', 'Reseller'), 
(200141, 'Amanda', 'Runge', 'AmandaLRunge@dayrep.com', '518-512-1036', 'Reseller'), 
(200142, 'William', 'Grant', 'WilliamAGrant@dayrep.com', '401-641-3516', 'Reseller'), 
(200143, 'Amber', 'Angus', 'AmberDAngus@cuvox.de', '757-267-1041', 'Reseller'), 
(200144, 'David', 'Coots', 'DavidNCoots@jourrapide.com', '315-431-0611', 'Surfer'), 
(200145, 'Dave', 'Burgos', 'DaveCBurgos@dayrep.com', '580-438-9367', 'Reseller'), 
(200146, 'Brandon', 'Larson', 'BrandonMLarson@armyspy.com', '567-674-2174', 'Wholesaler'), 
(200147, 'Joe', 'Cunningham', 'JoeMCunningham@gustr.com', '240-325-3438', 'Reseller'), 
(200148, 'Elizabeth', 'Young', 'ElizabethCYoung@dayrep.com', '217-614-8823', 'Wholesaler'), 
(200149, 'Graciela', 'Marley', 'GracielaRMarley@dayrep.com', '636-484-8174', 'Surfer');

INSERT INTO shaper VALUES
(40001, 'Richard', 'Rinaldi', '2020-9-6', '813-843-1090', 861, 24.2),
(40002, 'Daniel', 'Head', '2020-4-6', '217-263-2962', 627, 20.7),
(40003, 'Maureen', 'Lago', '2019-10-31', '580-585-3248', 64, 22),
(40004, 'Gerald', 'Morgan', '2019-6-23', '912-264-6396', 4004, 30.04),
(40005, 'Lillie', 'Kay', '2020-1-3', '518-824-2222', 762, 23.54),
(40006, 'Irene', 'Lopez', '2020-1-1', '402-284-4988', 3981, 33.43),
(40007, 'Mary', 'Bentz', '2019-7-30', '508-232-4784', 4134, 28.89),
(40008, 'Bobby', 'Johnson', '2019-8-31', '231-570-3340', 2474, 35.73),
(40009, 'Sonya', 'Brown', '2020-2-19', '323-370-4944', 1849, 25.75),
(40010, 'Patricia', 'Ton', '2020-12-14', '580-931-3688', 449, 33.89);




INSERT INTO material VALUES
(500001, 300001, 150, 'Artic Foam Smol', 'arctic foam', 72, 'surfboard blanks', 'board'),
(500002, 300001, 180, 'Artic Foam Frost', 'arctic foam', 87, 'surfboard blanks', 'board'),
(500003, 300002, 100, 'Artic Foam Icicle', 'arctic foam', 83, 'surfboard blanks', 'board'),
(500004, 300002, 40, 'Artic Foam Snow', 'arctic foam', 88, 'surfboard blanks', 'board'),
(500005, 300003, 170, 'Artic Foam Hail', 'arctic foam', 97, 'surfboard blanks', 'board'),
(500006, 300003, 100, 'Artic Foam Blizzard', 'arctic foam', 109, 'surfboard blanks', 'board'),
(500007, 300004, 65, 'Millennium I', 'millennium foam', 80, 'surfboard blanks', 'board'),
(500008, 300005, 200, 'Millennium II', 'millennium foam', 72, 'surfboard blanks', 'board'),
(500009, 300006, 240, 'Millennium III', 'millennium foam', 77, 'surfboard blanks', 'board'),
(500010, 300007, 100, 'Millennium IV', 'millennium foam', 81, 'surfboard blanks', 'board'),
(500011, 300008, 189, 'Millennium V', 'millennium foam', 85, 'surfboard blanks', 'board'),
(500012, 300009, 154, 'Millennium VI', 'millennium foam', 97, 'surfboard blanks', 'board'),
(500013, 300010, 197, 'Marko Economy', 'marko foam', 59, 'surfboard blanks', 'board'),
(500014, 300011, 106, 'Marko Premium', 'marko foam', 68, 'surfboard blanks', 'board'),
(500015, 300012, 130, 'Marko Deluxe', 'marko foam', 70, 'surfboard blanks', 'board'),
(500016, 300013, 151, 'Marko Vip', 'marko foam', 98, 'surfboard blanks', 'board'),
(500017, 300014, 191, 'Marko Superb', 'marko foam', 83, 'surfboard blanks', 'board'),
(500018, 300015, 158, 'Surfboard Laminating Resin', 'Polyester Resins', 12, 'resin', 'gallon'),
(500019, 300015, 119, 'UV-Cure Laminating Resin', 'Polyester Resins', 12, 'resin', 'gallon'),
(500020, 300015, 105, 'Surfboard sanding Resin', 'Polyester Resins', 12, 'resin', 'gallon'),
(500021, 300015, 109, 'UV-Cure sanding resin', 'Polyester Resins', 12, 'resin', 'gallon'),
(500022, 300016, 125, 'resin research CE', 'Epoxy resins', 15, 'resin', 'gallon'),
(500023, 300016, 110, 'resin research bio-clear', 'Epoxy resins', 15, 'resin', 'gallon'),
(500024, 300016, 107, 'additive F', 'Epoxy resins', 15, 'resin', 'gallon'),
(500025, 300017, 119, 'JPS 4oz  E-Cloth', 'Figerglass', 7.95, 'reinforcements', 'squareinches'),
(500026, 300017, 156, 'JPS 4oz  Wrap', 'Figerglass', 3.5, 'reinforcements', 'squareinches'),
(500027, 300017, 141, 'JPS 4oz  S-Glass', 'Figerglass', 5.15, 'reinforcements', 'squareinches'),
(500028, 300017, 199, 'JPS 4oz  E-Cloth Plus', 'Figerglass', 4.2, 'reinforcements', 'squareinches'),
(500029, 300018, 182, 'Carbon-fiberglass tape', 'Woven Tapes', 3, 'reinforcements', 'strip'),
(500030, 300018, 157, 'Multi-stripe tape 1', 'Woven Tapes', 3, 'reinforcements', 'strip'),
(500031, 300018, 151, 'Multi-stripe tape 2', 'Woven Tapes', 3, 'reinforcements', 'strip'),
(500032, 300018, 180, '6 strip tape', 'Woven Tapes', 3, 'reinforcements', 'strip'),
(500033, 300018, 179, 'Gradient tape 2', 'Woven Tapes', 4, 'reinforcements', 'strip'),
(500034, 300018, 149, 'Single band tape', 'Woven Tapes', 3, 'reinforcements', 'strip'),
(500035, 300018, 167, 'Fin rope', 'other reinforcement', 5, 'reinforcements', 'yard'),
(500036, 300019, 112, 'Small leash plug', 'NWS', 1.5, 'fin systems & plugs', 'unit'),
(500037, 300019, 109, 'Large leash plug', 'NWS', 1.5, 'fin systems & plugs', 'unit'),
(500038, 300019, 161, '1 hole post', 'NWS', 1.5, 'fin systems & plugs', 'unit'),
(500039, 300019, 188, 'FCS Fusion Jig Plate', 'FCS', 65, 'fin systems & plugs', 'unit'),
(500040, 300020, 185, 'FCS Fusion Plug 9 degree', 'FCS', 15, 'fin systems & plugs', 'unit'),
(500041, 300020, 152, 'FCS Fusion Plug 5 degree', 'FCS', 6.5, 'fin systems & plugs', 'unit'),
(500042, 300020, 120, 'FCS Fusion Plug 0 degree', 'FCS', 6.5, 'fin systems & plugs', 'unit'),
(500043, 300021, 180, 'Black pigment', 'resin pigments', 5, 'art supplies', 'oz'),
(500044, 300021, 119, 'White pigment', 'resin pigments', 5, 'art supplies', 'oz'),
(500045, 300021, 108, 'Blue pigment', 'resin pigments', 5, 'art supplies', 'oz'),
(500046, 300021, 173, 'Red pigment', 'resin pigments', 5, 'art supplies', 'oz'),
(500047, 300021, 129, 'Pink pigment', 'resin pigments', 5, 'art supplies', 'oz'),
(500048, 300021, 160, 'Orange pigment', 'resin pigments', 5, 'art supplies', 'oz'),
(500049, 300021, 101, 'Purple pigment', 'resin pigments', 5, 'art supplies', 'oz'),
(500050, 300021, 145, 'Green pigment', 'resin pigments', 5, 'art supplies', 'oz');

INSERT INTO transaction VALUES
(700001, 200120, '12:14:14', 100015, '2019-12-2', 'cash'), 
(700002, 200049, '14:4:23', 100016, '2019-4-13', 'debit'), 
(700003, 200145, '15:29:49', 100003, '2019-6-22', 'debit'), 
(700004, 200046, '9:1:55', 100006, '2020-10-31', 'credit'), 
(700005, 200044, '9:51:21', 100014, '2020-4-4', 'credit'), 
(700006, 200023, '15:10:7', 100012, '2020-10-27', 'cash'), 
(700007, 200147, '15:17:49', 100020, '2020-10-1', 'credit'), 
(700008, 200072, '12:23:49', 100007, '2020-5-23', 'cash'), 
(700009, 200007, '12:52:45', 100014, '2020-12-22', 'cash'), 
(700010, 200084, '11:30:37', 100008, '2019-5-18', 'credit'), 
(700011, 200007, '15:46:53', 100018, '2020-6-11', 'credit'), 
(700012, 200050, '10:19:23', 100017, '2020-3-22', 'credit'), 
(700013, 200081, '9:20:18', 100011, '2020-11-17', 'credit'), 
(700014, 200134, '12:9:13', 100005, '2020-6-16', 'credit'), 
(700015, 200141, '16:17:37', 100012, '2020-4-27', 'cash'), 
(700016, 200143, '9:36:3', 100017, '2019-3-13', 'credit'), 
(700017, 200069, '14:51:44', 100013, '2020-2-29', 'credit'), 
(700018, 200094, '10:21:27', 100002, '2019-11-16', 'cash'), 
(700019, 200050, '14:37:55', 100005, '2019-1-28', 'cash'), 
(700020, 200041, '16:34:6', 100004, '2019-4-22', 'debit'), 
(700021, 200125, '14:53:38', 100016, '2020-6-9', 'debit'), 
(700022, 200096, '16:23:47', 100014, '2019-11-11', 'debit'), 
(700023, 200065, '9:48:49', 100019, '2020-5-3', 'cash'), 
(700024, 200026, '14:11:25', 100008, '2019-12-6', 'cash'), 
(700025, 200061, '11:8:22', 100012, '2019-4-3', 'credit'), 
(700026, 200083, '13:23:10', 100019, '2019-1-27', 'debit'), 
(700027, 200105, '10:10:15', 100020, '2019-8-4', 'cash'), 
(700028, 200045, '15:28:36', 100003, '2019-7-31', 'debit'), 
(700029, 200008, '16:23:45', 100017, '2020-1-13', 'credit'), 
(700030, 200122, '15:42:55', 100017, '2019-1-19', 'credit'), 
(700031, 200085, '14:32:39', 100021, '2020-12-27', 'credit'), 
(700032, 200019, '10:14:4', 100017, '2019-6-5', 'credit'), 
(700033, 200094, '10:18:54', 100004, '2020-2-28', 'debit'), 
(700034, 200008, '12:47:16', 100002, '2020-4-25', 'credit'), 
(700035, 200048, '12:9:33', 100021, '2019-5-4', 'debit'), 
(700036, 200146, '10:23:36', 100014, '2019-1-12', 'debit'), 
(700037, 200009, '14:16:5', 100009, '2019-9-16', 'credit'), 
(700038, 200122, '16:1:29', 100009, '2020-1-2', 'debit'), 
(700039, 200007, '16:56:32', 100004, '2019-8-23', 'credit'), 
(700040, 200018, '10:42:27', 100006, '2019-2-19', 'credit'), 
(700041, 200130, '10:9:35', 100008, '2019-1-14', 'cash'), 
(700042, 200148, '15:42:30', 100016, '2019-11-13', 'cash'), 
(700043, 200119, '11:50:31', 100003, '2020-1-25', 'debit'), 
(700044, 200073, '10:31:31', 100020, '2019-1-30', 'debit'), 
(700045, 200021, '15:8:47', 100016, '2020-2-12', 'credit'), 
(700046, 200130, '16:16:29', 100005, '2019-12-16', 'cash'), 
(700047, 200059, '10:18:36', 100017, '2019-4-27', 'credit'), 
(700048, 200021, '11:42:0', 100003, '2020-11-12', 'cash'), 
(700049, 200050, '10:55:10', 100019, '2020-10-19', 'cash'), 
(700050, 200097, '11:15:4', 100014, '2020-7-8', 'debit'), 
(700051, 200098, '10:21:55', 100014, '2020-11-1', 'credit'), 
(700052, 200140, '10:14:15', 100020, '2019-3-18', 'credit'), 
(700053, 200024, '10:10:46', 100010, '2020-5-27', 'credit'), 
(700054, 200088, '16:30:54', 100007, '2020-4-12', 'credit'), 
(700055, 200114, '9:52:46', 100021, '2019-2-8', 'credit'), 
(700056, 200079, '13:7:18', 100018, '2020-2-2', 'cash'), 
(700057, 200050, '14:57:53', 100020, '2020-6-19', 'cash'), 
(700058, 200045, '11:33:59', 100007, '2019-12-15', 'credit'), 
(700059, 200012, '12:20:32', 100004, '2019-6-15', 'debit'), 
(700060, 200126, '14:52:34', 100009, '2019-7-11', 'debit'), 
(700061, 200023, '15:59:26', 100013, '2020-10-20', 'debit'), 
(700062, 200092, '9:32:50', 100017, '2020-7-16', 'credit'), 
(700063, 200083, '14:45:4', 100011, '2020-11-17', 'cash'), 
(700064, 200035, '12:31:40', 100001, '2020-4-20', 'cash'), 
(700065, 200029, '9:6:33', 100020, '2020-10-13', 'credit'), 
(700066, 200113, '12:46:12', 100021, '2019-8-16', 'debit'), 
(700067, 200106, '11:30:27', 100007, '2019-7-31', 'debit'), 
(700068, 200098, '14:3:45', 100008, '2019-3-11', 'credit'), 
(700069, 200013, '11:15:23', 100006, '2019-8-25', 'cash'), 
(700070, 200033, '14:33:39', 100014, '2019-8-18', 'debit'), 
(700071, 200098, '15:23:29', 100019, '2019-4-28', 'cash'), 
(700072, 200017, '12:56:16', 100016, '2019-7-21', 'cash'), 
(700073, 200137, '12:58:24', 100013, '2020-6-23', 'credit'), 
(700074, 200076, '15:45:15', 100011, '2019-8-28', 'credit'), 
(700075, 200112, '12:59:43', 100002, '2020-11-18', 'cash'), 
(700076, 200061, '10:19:43', 100016, '2020-5-5', 'debit'), 
(700077, 200119, '10:22:53', 100016, '2020-10-25', 'cash'), 
(700078, 200105, '14:10:21', 100009, '2020-9-20', 'cash'), 
(700079, 200075, '12:56:9', 100001, '2019-6-29', 'cash'), 
(700080, 200121, '13:41:13', 100006, '2019-8-23', 'debit'), 
(700081, 200052, '12:5:1', 100009, '2019-7-27', 'credit'), 
(700082, 200004, '13:57:52', 100016, '2020-2-5', 'credit'), 
(700083, 200014, '16:25:8', 100008, '2019-7-9', 'credit'), 
(700084, 200007, '9:22:1', 100016, '2020-3-28', 'debit'), 
(700085, 200040, '15:52:14', 100005, '2020-9-22', 'credit'), 
(700086, 200069, '15:52:32', 100021, '2019-5-6', 'debit'), 
(700087, 200132, '10:41:37', 100021, '2020-1-15', 'credit'), 
(700088, 200051, '13:32:49', 100008, '2019-10-6', 'credit'), 
(700089, 200044, '10:57:40', 100019, '2020-5-3', 'credit'), 
(700090, 200075, '10:22:26', 100017, '2019-12-19', 'debit'), 
(700091, 200131, '15:56:10', 100012, '2019-8-24', 'cash'), 
(700092, 200078, '14:9:25', 100003, '2020-4-1', 'credit'), 
(700093, 200046, '10:6:42', 100015, '2019-5-28', 'credit'), 
(700094, 200006, '15:16:5', 100019, '2019-11-8', 'debit'), 
(700095, 200095, '14:16:6', 100017, '2020-1-31', 'credit'), 
(700096, 200127, '15:35:51', 100020, '2020-6-7', 'debit'), 
(700097, 200037, '11:46:30', 100017, '2020-6-16', 'credit'), 
(700098, 200070, '13:17:45', 100018, '2019-8-26', 'credit'), 
(700099, 200144, '14:20:22', 100002, '2020-11-22', 'credit'), 
(700100, 200044, '12:12:22', 100010, '2019-5-25', 'credit'), 
(700101, 200142, '13:36:40', 100007, '2019-6-18', 'credit'), 
(700102, 200082, '11:55:39', 100005, '2019-12-16', 'cash'), 
(700103, 200103, '15:1:50', 100004, '2020-12-7', 'cash'), 
(700104, 200093, '10:28:10', 100004, '2020-9-21', 'credit'), 
(700105, 200045, '11:30:35', 100001, '2019-12-17', 'cash'), 
(700106, 200101, '12:3:37', 100019, '2020-7-14', 'debit'), 
(700107, 200038, '11:47:4', 100008, '2020-3-12', 'credit'), 
(700108, 200055, '11:13:17', 100001, '2019-7-28', 'credit'), 
(700109, 200015, '12:44:15', 100006, '2020-3-29', 'debit'), 
(700110, 200038, '15:6:3', 100011, '2019-3-8', 'debit'), 
(700111, 200126, '13:4:17', 100008, '2020-11-18', 'debit'), 
(700112, 200098, '10:4:58', 100004, '2020-3-26', 'debit'), 
(700113, 200083, '12:19:0', 100002, '2019-1-5', 'credit'), 
(700114, 200106, '10:6:39', 100001, '2020-8-22', 'credit'), 
(700115, 200102, '13:16:55', 100007, '2020-4-2', 'credit'), 
(700116, 200115, '12:38:38', 100018, '2019-7-18', 'debit'), 
(700117, 200124, '11:40:49', 100006, '2020-5-24', 'credit'), 
(700118, 200095, '14:52:19', 100006, '2020-3-7', 'debit'), 
(700119, 200031, '14:0:29', 100001, '2020-9-19', 'cash'), 
(700120, 200009, '13:59:28', 100002, '2019-4-18', 'credit'), 
(700121, 200148, '16:49:13', 100014, '2019-1-1', 'debit'), 
(700122, 200035, '14:11:0', 100010, '2019-3-23', 'debit'), 
(700123, 200004, '11:23:7', 100004, '2020-9-4', 'debit'), 
(700124, 200008, '13:44:19', 100018, '2019-12-10', 'credit'), 
(700125, 200076, '10:47:33', 100018, '2020-8-18', 'credit'), 
(700126, 200149, '12:35:7', 100014, '2019-9-7', 'cash'), 
(700127, 200036, '16:41:25', 100011, '2020-11-4', 'credit'), 
(700128, 200030, '13:43:34', 100013, '2019-11-22', 'cash'), 
(700129, 200095, '12:25:16', 100004, '2019-5-5', 'credit'), 
(700130, 200004, '13:30:24', 100011, '2020-10-16', 'credit'), 
(700131, 200037, '12:1:6', 100015, '2020-6-4', 'cash'), 
(700132, 200005, '10:21:42', 100014, '2020-4-11', 'debit'), 
(700133, 200007, '11:31:35', 100003, '2019-8-4', 'credit'), 
(700134, 200123, '15:55:9', 100008, '2019-3-31', 'cash'), 
(700135, 200148, '16:47:42', 100020, '2019-1-4', 'debit'), 
(700136, 200013, '11:10:41', 100007, '2019-10-6', 'debit'), 
(700137, 200026, '13:48:9', 100001, '2019-1-3', 'cash'), 
(700138, 200027, '16:38:53', 100016, '2020-2-29', 'credit'), 
(700139, 200117, '10:35:11', 100017, '2019-2-26', 'credit'), 
(700140, 200079, '14:28:25', 100010, '2019-10-26', 'cash'), 
(700141, 200066, '10:57:10', 100020, '2019-6-8', 'cash'), 
(700142, 200095, '11:46:35', 100012, '2019-8-28', 'debit'), 
(700143, 200018, '14:17:12', 100016, '2019-9-24', 'cash'), 
(700144, 200107, '15:27:43', 100008, '2020-4-18', 'debit'), 
(700145, 200052, '16:22:56', 100012, '2019-1-16', 'debit'), 
(700146, 200099, '16:32:56', 100008, '2019-4-17', 'debit'), 
(700147, 200049, '11:50:11', 100014, '2019-2-18', 'credit'), 
(700148, 200042, '16:32:23', 100009, '2019-12-13', 'credit'), 
(700149, 200098, '15:29:54', 100018, '2020-7-19', 'credit'), 
(700150, 200080, '14:9:6', 100016, '2019-5-1', 'credit'), 
(700151, 200007, '13:16:4', 100011, '2019-10-12', 'cash'), 
(700152, 200114, '9:42:23', 100021, '2019-1-23', 'debit'), 
(700153, 200032, '12:47:32', 100012, '2020-8-25', 'debit'), 
(700154, 200123, '15:46:11', 100012, '2019-5-24', 'credit'), 
(700155, 200066, '13:5:23', 100021, '2019-3-20', 'cash'), 
(700156, 200137, '14:43:37', 100001, '2020-10-13', 'debit'), 
(700157, 200044, '11:27:40', 100011, '2019-10-30', 'cash'), 
(700158, 200056, '13:58:35', 100008, '2019-5-21', 'credit'), 
(700159, 200047, '15:20:57', 100010, '2019-11-9', 'cash'), 
(700160, 200056, '16:52:46', 100002, '2019-9-1', 'credit'), 
(700161, 200005, '10:10:22', 100004, '2020-2-6', 'debit'), 
(700162, 200045, '13:52:46', 100008, '2019-7-17', 'credit'), 
(700163, 200081, '13:22:17', 100004, '2019-4-24', 'credit'), 
(700164, 200075, '9:28:17', 100015, '2020-8-22', 'credit'), 
(700165, 200041, '12:43:40', 100015, '2020-11-17', 'debit'), 
(700166, 200068, '13:12:17', 100013, '2020-3-17', 'debit'), 
(700167, 200137, '11:31:18', 100012, '2020-12-20', 'debit'), 
(700168, 200105, '10:24:0', 100020, '2020-6-1', 'cash'), 
(700169, 200092, '13:42:10', 100020, '2019-11-9', 'credit'), 
(700170, 200141, '11:40:5', 100016, '2020-9-1', 'cash'), 
(700171, 200132, '14:38:42', 100005, '2019-10-14', 'cash'), 
(700172, 200047, '14:53:49', 100017, '2020-1-31', 'debit'), 
(700173, 200128, '11:0:11', 100018, '2019-11-24', 'credit'), 
(700174, 200105, '13:6:21', 100016, '2020-11-7', 'credit'), 
(700175, 200110, '13:28:34', 100018, '2020-2-25', 'cash'), 
(700176, 200082, '9:18:32', 100010, '2020-4-26', 'cash'), 
(700177, 200028, '9:23:11', 100012, '2019-10-30', 'debit'), 
(700178, 200124, '15:23:19', 100008, '2020-4-23', 'debit'), 
(700179, 200108, '10:10:19', 100006, '2019-6-20', 'credit'), 
(700180, 200120, '10:20:28', 100009, '2019-8-18', 'credit'), 
(700181, 200072, '11:2:12', 100021, '2020-10-20', 'cash'), 
(700182, 200026, '11:16:31', 100013, '2020-5-23', 'debit'), 
(700183, 200021, '12:37:8', 100012, '2020-12-28', 'credit'), 
(700184, 200103, '15:50:13', 100008, '2019-11-4', 'cash'), 
(700185, 200062, '13:10:5', 100020, '2019-11-15', 'debit'), 
(700186, 200001, '10:25:9', 100006, '2020-2-7', 'credit'), 
(700187, 200117, '14:21:29', 100009, '2020-4-30', 'cash'), 
(700188, 200036, '12:54:27', 100008, '2019-8-27', 'credit'), 
(700189, 200135, '14:23:33', 100002, '2020-11-30', 'debit'), 
(700190, 200070, '12:20:29', 100019, '2019-12-30', 'cash'), 
(700191, 200091, '11:41:44', 100007, '2019-2-21', 'cash'), 
(700192, 200036, '16:38:18', 100021, '2020-3-6', 'debit'), 
(700193, 200139, '12:56:11', 100011, '2019-3-18', 'credit'), 
(700194, 200079, '11:40:3', 100012, '2019-10-11', 'cash'), 
(700195, 200089, '16:36:15', 100014, '2019-10-2', 'credit'), 
(700196, 200056, '10:17:44', 100002, '2019-6-22', 'credit'), 
(700197, 200141, '14:35:25', 100017, '2020-3-28', 'cash'), 
(700198, 200049, '15:43:24', 100021, '2020-5-10', 'debit'), 
(700199, 200146, '10:33:48', 100018, '2019-6-30', 'credit'), 
(700200, 200047, '12:1:50', 100006, '2020-9-14', 'cash'), 
(700201, 200039, '16:26:22', 100021, '2019-1-15', 'credit'), 
(700202, 200086, '11:53:48', 100011, '2020-9-17', 'credit'), 
(700203, 200123, '11:5:0', 100014, '2019-9-24', 'credit'), 
(700204, 200041, '9:51:10', 100006, '2020-5-9', 'debit'), 
(700205, 200033, '14:33:13', 100005, '2019-9-17', 'cash'), 
(700206, 200075, '14:6:33', 100003, '2020-8-22', 'credit'), 
(700207, 200005, '13:15:30', 100006, '2019-10-18', 'credit'), 
(700208, 200037, '12:33:22', 100018, '2019-1-30', 'credit'), 
(700209, 200050, '13:49:34', 100003, '2020-3-8', 'cash'), 
(700210, 200067, '16:4:23', 100005, '2019-12-30', 'credit'), 
(700211, 200045, '13:41:48', 100021, '2020-2-20', 'cash'), 
(700212, 200049, '10:28:25', 100019, '2019-6-22', 'cash'), 
(700213, 200100, '11:17:28', 100007, '2019-11-27', 'cash'), 
(700214, 200053, '9:17:16', 100006, '2020-7-31', 'credit'), 
(700215, 200147, '12:2:37', 100008, '2019-9-4', 'debit'), 
(700216, 200003, '9:22:44', 100020, '2020-1-25', 'credit'), 
(700217, 200121, '11:54:25', 100005, '2019-7-11', 'cash'), 
(700218, 200121, '10:0:41', 100006, '2019-3-28', 'cash'), 
(700219, 200043, '11:35:26', 100014, '2019-1-31', 'cash'), 
(700220, 200001, '11:2:14', 100020, '2020-3-24', 'credit'), 
(700221, 200031, '15:38:49', 100004, '2020-10-25', 'credit'), 
(700222, 200027, '14:33:50', 100017, '2020-7-7', 'debit'), 
(700223, 200008, '10:6:27', 100006, '2019-12-24', 'cash'), 
(700224, 200085, '14:3:23', 100009, '2020-9-20', 'cash'), 
(700225, 200140, '12:3:44', 100004, '2019-4-12', 'credit'), 
(700226, 200104, '10:3:6', 100011, '2019-12-20', 'cash'), 
(700227, 200080, '13:44:16', 100005, '2019-11-2', 'credit'), 
(700228, 200059, '13:11:47', 100015, '2019-11-27', 'debit'), 
(700229, 200034, '10:28:59', 100002, '2019-8-10', 'cash'), 
(700230, 200057, '15:27:36', 100008, '2020-8-3', 'credit'), 
(700231, 200102, '12:6:15', 100021, '2020-3-25', 'credit'), 
(700232, 200077, '14:17:44', 100015, '2019-7-18', 'debit'), 
(700233, 200004, '10:38:24', 100005, '2020-12-12', 'credit'), 
(700234, 200058, '13:54:33', 100011, '2019-3-10', 'debit'), 
(700235, 200100, '13:44:59', 100003, '2019-8-10', 'cash'), 
(700236, 200067, '12:13:1', 100017, '2019-7-5', 'credit'), 
(700237, 200144, '10:56:13', 100006, '2020-4-22', 'credit'), 
(700238, 200008, '16:52:44', 100004, '2020-4-3', 'cash'), 
(700239, 200071, '14:38:23', 100009, '2019-9-18', 'debit'), 
(700240, 200128, '15:2:27', 100021, '2020-6-10', 'debit'), 
(700241, 200123, '10:5:23', 100008, '2019-3-16', 'debit'), 
(700242, 200120, '15:13:0', 100004, '2019-8-26', 'debit'), 
(700243, 200140, '12:39:37', 100001, '2019-7-26', 'cash'), 
(700244, 200031, '15:37:53', 100002, '2020-10-21', 'credit'), 
(700245, 200021, '11:29:45', 100007, '2020-11-5', 'cash'), 
(700246, 200087, '11:43:23', 100021, '2020-5-1', 'debit'), 
(700247, 200053, '9:10:39', 100008, '2019-1-17', 'debit'), 
(700248, 200138, '15:20:12', 100015, '2020-5-10', 'cash'), 
(700249, 200127, '16:52:8', 100008, '2020-6-30', 'cash'), 
(700250, 200046, '11:45:25', 100021, '2020-10-1', 'credit');

INSERT INTO surfboards VALUES
(600001, 700001, 210, 54, 8, 'longboard'),
(600002, 700002, 172, 45, 7, 'shortboard'),
(600003, 700003, 210, 50, 6, 'gun'),
(600004, 700004, 177, 48, 6, 'shortboard'),
(600005, 700005, 214, 50, 9, 'funboard'),
(600006, 700006, 230, 50, 9, 'longboard'),
(600007, 700007, 201, 48, 5, 'funboard'),
(600008, 700008, 182, 50, 6, 'hybrid'),
(600009, 700009, 182, 43, 7, 'gun'),
(600010, 700010, 250, 58, 9, 'longboard'),
(600011, 700011, 250, 54, 7, 'fish'),
(600012, 700012, 230, 58, 5, 'fish'),
(600013, 700013, 190, 50, 6, 'hybrid'),
(600014, 700014, 214, 56, 6, 'fish'),
(600015, 700015, 172, 50, 6, 'shortboard'),
(600016, 700016, 177, 48, 6, 'shortboard'),
(600017, 700017, 210, 52, 7, 'longboard'),
(600018, 700018, 177, 50, 7, 'hybrid'),
(600019, 700019, 160, 45, 5, 'gun'),
(600020, 700020, 210, 56, 6, 'fish'),
(600021, 700021, 172, 45, 8, 'funboard'),
(600022, 700022, 172, 45, 8, 'funboard'),
(600023, 700023, 201, 54, 7, 'hybrid'),
(600024, 700024, 195, 50, 8, 'hybrid'),
(600025, 700025, 230, 50, 9, 'longboard'),
(600026, 700026, 214, 54, 6, 'fish'),
(600027, 700027, 250, 43, 9, 'funboard'),
(600028, 700028, 250, 58, 6, 'fish'),
(600029, 700029, 177, 48, 6, 'hybrid'),
(600030, 700030, 172, 48, 5, 'shortboard'),
(600031, 700031, 177, 48, 8, 'hybrid'),
(600032, 700032, 182, 43, 5, 'shortboard'),
(600033, 700033, 230, 58, 6, 'fish'),
(600034, 700034, 177, 48, 5, 'shortboard'),
(600035, 700035, 210, 54, 8, 'hybrid'),
(600036, 700036, 182, 50, 5, 'gun'),
(600037, 700037, 210, 54, 7, 'longboard'),
(600038, 700038, 195, 50, 8, 'funboard'),
(600039, 700039, 182, 45, 7, 'shortboard'),
(600040, 700040, 250, 50, 5, 'fish'),
(600041, 700041, 210, 54, 7, 'hybrid'),
(600042, 700042, 210, 58, 7, 'longboard'),
(600043, 700043, 230, 56, 7, 'longboard'),
(600044, 700044, 190, 45, 5, 'gun'),
(600045, 700045, 250, 50, 5, 'fish'),
(600046, 700046, 230, 50, 6, 'fish'),
(600047, 700047, 214, 58, 7, 'longboard'),
(600048, 700048, 214, 58, 7, 'fish'),
(600049, 700049, 195, 45, 6, 'funboard'),
(600050, 700050, 230, 56, 6, 'fish'),
(600051, 700051, 230, 52, 9, 'longboard'),
(600052, 700052, 230, 56, 9, 'longboard'),
(600053, 700053, 182, 45, 7, 'gun'),
(600054, 700054, 214, 58, 8, 'longboard'),
(600055, 700055, 210, 52, 8, 'longboard'),
(600056, 700056, 182, 50, 7, 'shortboard'),
(600057, 700057, 230, 58, 9, 'longboard'),
(600058, 700058, 190, 52, 7, 'hybrid'),
(600059, 700059, 250, 52, 8, 'longboard'),
(600060, 700060, 182, 43, 5, 'gun'),
(600061, 700061, 172, 48, 6, 'shortboard'),
(600062, 700062, 182, 43, 7, 'gun'),
(600063, 700063, 172, 45, 7, 'shortboard'),
(600064, 700064, 160, 45, 6, 'shortboard'),
(600065, 700065, 177, 54, 7, 'hybrid'),
(600066, 700066, 160, 48, 9, 'funboard'),
(600067, 700067, 182, 45, 8, 'hybrid'),
(600068, 700068, 182, 54, 6, 'hybrid'),
(600069, 700069, 177, 50, 8, 'hybrid'),
(600070, 700070, 230, 54, 9, 'longboard'),
(600071, 700071, 182, 50, 5, 'shortboard'),
(600072, 700072, 182, 50, 5, 'funboard'),
(600073, 700073, 250, 58, 8, 'longboard'),
(600074, 700074, 190, 50, 6, 'hybrid'),
(600075, 700075, 210, 52, 8, 'longboard'),
(600076, 700076, 182, 48, 7, 'gun'),
(600077, 700077, 190, 43, 7, 'gun'),
(600078, 700078, 182, 48, 7, 'hybrid'),
(600079, 700079, 230, 52, 7, 'fish'),
(600080, 700080, 250, 50, 7, 'longboard'),
(600081, 700081, 160, 48, 7, 'shortboard'),
(600082, 700082, 250, 58, 7, 'longboard'),
(600083, 700083, 182, 48, 5, 'gun'),
(600084, 700084, 250, 56, 6, 'fish'),
(600085, 700085, 195, 50, 8, 'hybrid'),
(600086, 700086, 195, 54, 8, 'hybrid'),
(600087, 700087, 160, 50, 8, 'funboard'),
(600088, 700088, 230, 54, 5, 'fish'),
(600089, 700089, 250, 56, 6, 'fish'),
(600090, 700090, 160, 45, 6, 'shortboard'),
(600091, 700091, 250, 56, 9, 'longboard'),
(600092, 700092, 172, 43, 5, 'shortboard'),
(600093, 700093, 210, 54, 7, 'fish'),
(600094, 700094, 195, 48, 5, 'gun'),
(600095, 700095, 201, 45, 8, 'hybrid'),
(600096, 700096, 210, 45, 6, 'gun'),
(600097, 700097, 172, 45, 5, 'funboard'),
(600098, 700098, 214, 48, 8, 'funboard'),
(600099, 700099, 210, 48, 7, 'gun'),
(600100, 700100, 214, 52, 5, 'fish'),
(600101, 700101, 172, 50, 7, 'shortboard'),
(600102, 700102, 160, 45, 7, 'shortboard'),
(600103, 700103, 210, 54, 6, 'fish'),
(600104, 700104, 182, 45, 7, 'gun'),
(600105, 700105, 172, 48, 7, 'gun'),
(600106, 700106, 201, 45, 5, 'funboard'),
(600107, 700107, 177, 43, 5, 'gun'),
(600108, 700108, 230, 50, 9, 'longboard'),
(600109, 700109, 190, 45, 6, 'shortboard'),
(600110, 700110, 182, 48, 7, 'shortboard'),
(600111, 700111, 214, 48, 7, 'funboard'),
(600112, 700112, 172, 45, 7, 'gun'),
(600113, 700113, 182, 52, 6, 'hybrid'),
(600114, 700114, 160, 50, 9, 'funboard'),
(600115, 700115, 182, 50, 8, 'funboard'),
(600116, 700116, 172, 48, 6, 'shortboard'),
(600117, 700117, 172, 48, 5, 'gun'),
(600118, 700118, 172, 48, 5, 'shortboard'),
(600119, 700119, 230, 56, 5, 'fish'),
(600120, 700120, 250, 56, 9, 'longboard'),
(600121, 700121, 230, 54, 9, 'longboard'),
(600122, 700122, 190, 43, 7, 'shortboard'),
(600123, 700123, 172, 45, 8, 'funboard'),
(600124, 700124, 230, 50, 7, 'longboard'),
(600125, 700125, 250, 54, 7, 'longboard'),
(600126, 700126, 172, 43, 7, 'shortboard'),
(600127, 700127, 210, 56, 9, 'longboard'),
(600128, 700128, 190, 54, 6, 'hybrid'),
(600129, 700129, 210, 48, 6, 'hybrid'),
(600130, 700130, 172, 48, 7, 'gun'),
(600131, 700131, 172, 43, 7, 'gun'),
(600132, 700132, 177, 50, 6, 'gun'),
(600133, 700133, 177, 54, 7, 'hybrid'),
(600134, 700134, 195, 50, 7, 'hybrid'),
(600135, 700135, 177, 48, 5, 'shortboard'),
(600136, 700136, 210, 58, 7, 'fish'),
(600137, 700137, 250, 50, 9, 'funboard'),
(600138, 700138, 210, 48, 7, 'gun'),
(600139, 700139, 201, 50, 6, 'hybrid'),
(600140, 700140, 230, 54, 8, 'longboard'),
(600141, 700141, 177, 48, 7, 'shortboard'),
(600142, 700142, 190, 48, 8, 'hybrid'),
(600143, 700143, 210, 54, 7, 'fish'),
(600144, 700144, 230, 54, 9, 'longboard'),
(600145, 700145, 195, 50, 5, 'gun'),
(600146, 700146, 160, 45, 6, 'shortboard'),
(600147, 700147, 160, 50, 6, 'gun'),
(600148, 700148, 177, 50, 8, 'funboard'),
(600149, 700149, 210, 54, 7, 'fish'),
(600150, 700150, 210, 58, 8, 'longboard'),
(600151, 700151, 210, 50, 6, 'gun'),
(600152, 700152, 182, 43, 7, 'gun'),
(600153, 700153, 160, 45, 5, 'gun'),
(600154, 700154, 182, 50, 5, 'gun'),
(600155, 700155, 190, 45, 5, 'gun'),
(600156, 700156, 182, 45, 7, 'gun'),
(600157, 700157, 182, 43, 5, 'gun'),
(600158, 700158, 160, 45, 6, 'shortboard'),
(600159, 700159, 160, 45, 6, 'shortboard'),
(600160, 700160, 160, 45, 6, 'shortboard'),
(600161, 700161, 160, 45, 6, 'shortboard'),
(600162, 700162, 160, 45, 6, 'shortboard'),
(600163, 700163, 160, 45, 6, 'shortboard'),
(600164, 700164, 160, 45, 6, 'shortboard'),
(600165, 700165, 230, 52, 9, 'longboard'),
(600166, 700166, 230, 56, 9, 'longboard'),
(600167, 700167, 214, 58, 8, 'longboard'),
(600168, 700168, 210, 52, 8, 'longboard'),
(600169, 700169, 230, 58, 9, 'longboard'),
(600170, 700170, 250, 52, 8, 'longboard'),
(600171, 700171, 230, 54, 9, 'longboard'),
(600172, 700172, 250, 58, 8, 'longboard'),
(600173, 700173, 210, 52, 8, 'longboard'),
(600174, 700174, 250, 50, 7, 'longboard'),
(600175, 700175, 182, 48, 7, 'hybrid'),
(600176, 700176, 195, 50, 8, 'hybrid'),
(600177, 700177, 195, 54, 8, 'hybrid'),
(600178, 700178, 201, 45, 8, 'hybrid'),
(600179, 700179, 182, 52, 6, 'hybrid'),
(600180, 700180, 190, 54, 6, 'hybrid'),
(600181, 700181, 210, 48, 6, 'hybrid'),
(600182, 700182, 177, 54, 7, 'hybrid'),
(600183, 700183, 172, 48, 5, 'shortboard'),
(600184, 700184, 182, 43, 5, 'shortboard'),
(600185, 700185, 177, 48, 5, 'shortboard'),
(600186, 700186, 210, 52, 8, 'longboard'),
(600187, 700187, 250, 50, 7, 'longboard'),
(600188, 700188, 250, 58, 7, 'longboard'),
(600189, 700189, 250, 50, 5, 'fish'),
(600190, 700190, 250, 50, 5, 'fish'),
(600191, 700191, 182, 50, 5, 'funboard'),
(600192, 700192, 160, 50, 8, 'funboard'),
(600193, 700193, 172, 45, 5, 'funboard'),
(600194, 700194, 214, 48, 8, 'funboard'),
(600195, 700195, 201, 45, 5, 'funboard'),
(600196, 700196, 214, 48, 7, 'funboard'),
(600197, 700197, 210, 52, 8, 'longboard'),
(600198, 700198, 230, 58, 9, 'longboard'),
(600199, 700199, 250, 52, 8, 'longboard'),
(600200, 700200, 230, 54, 9, 'longboard'),
(600201, 700201, 250, 58, 8, 'longboard'),
(600202, 700202, 210, 52, 8, 'longboard'),
(600203, 700203, 250, 50, 7, 'longboard'),
(600204, 700204, 250, 58, 7, 'longboard'),
(600205, 700205, 250, 50, 5, 'fish'),
(600206, 700206, 250, 50, 5, 'fish'),
(600207, 700207, 230, 50, 6, 'fish'),
(600208, 700208, 214, 58, 7, 'fish'),
(600209, 700209, 230, 56, 6, 'fish'),
(600210, 700210, 230, 52, 7, 'fish'),
(600211, 700211, 182, 50, 5, 'gun'),
(600212, 700212, 190, 45, 5, 'gun'),
(600213, 700213, 182, 45, 7, 'gun'),
(600214, 700214, 250, 56, 9, 'longboard'),
(600215, 700215, 230, 50, 9, 'longboard'),
(600216, 700216, 250, 56, 9, 'longboard'),
(600217, 700217, 230, 54, 9, 'longboard'),
(600218, 700218, 160, 48, 7, 'shortboard'),
(600219, 700219, 160, 45, 6, 'shortboard'),
(600220, 700220, 172, 43, 5, 'shortboard'),
(600221, 700221, 172, 50, 7, 'shortboard'),
(600222, 700222, 160, 45, 7, 'shortboard'),
(600223, 700223, 160, 45, 6, 'shortboard'),
(600224, 700224, 160, 45, 5, 'gun'),
(600225, 700225, 182, 50, 5, 'gun'),
(600226, 700226, 190, 45, 5, 'gun'),
(600227, 700227, 182, 45, 7, 'gun'),
(600228, 700228, 250, 56, 9, 'longboard'),
(600229, 700229, 230, 50, 9, 'longboard'),
(600230, 700230, 250, 56, 9, 'longboard'),
(600231, 700231, 230, 54, 9, 'longboard'),
(600232, 700232, 230, 50, 7, 'longboard'),
(600233, 700233, 250, 54, 7, 'longboard'),
(600234, 700234, 195, 50, 8, 'hybrid'),
(600235, 700235, 195, 54, 8, 'hybrid'),
(600236, 700236, 230, 56, 5, 'fish'),
(600237, 700237, 210, 58, 7, 'fish'),
(600238, 700238, 210, 54, 7, 'fish'),
(600239, 700239, 210, 54, 7, 'fish'),
(600240, 700240, 214, 50, 9, 'funboard'),
(600241, 700241, 201, 48, 5, 'funboard'),
(600242, 700242, 172, 45, 8, 'funboard'),
(600243, 700243, 210, 58, 7, 'fish'),
(600244, 700244, 210, 54, 7, 'fish'),
(600245, 700245, 210, 54, 7, 'fish'),
(600246, 700246, 214, 50, 9, 'funboard'),
(600247, 700247, 201, 48, 5, 'funboard'),
(600248, 700248, 172, 45, 8, 'funboard'),
(600249, 700249, 172, 45, 8, 'funboard'),
(600250, 700250, 195, 45, 6, 'funboard');

INSERT INTO shape VALUES
(40001, 600034, 11),
(40001, 600044, 9),
(40001, 600051, 12),
(40001, 600077, 11),
(40001, 600087, 12),
(40001, 600088, 12),
(40001, 600096, 11),
(40001, 600102, 10),
(40001, 600107, 10),
(40001, 600108, 11),
(40001, 600129, 9),
(40001, 600132, 11),
(40001, 600135, 12),
(40001, 600140, 8),
(40001, 600151, 9),
(40002, 600013, 10),
(40002, 600022, 7),
(40002, 600049, 11),
(40002, 600054, 8),
(40002, 600059, 9),
(40002, 600078, 8),
(40002, 600092, 11),
(40002, 600097, 9),
(40002, 600098, 11),
(40002, 600100, 12),
(40002, 600103, 12),
(40002, 600118, 7),
(40002, 600120, 7),
(40002, 600136, 7),
(40002, 600156, 8),
(40002, 600157, 10),
(40002, 600158, 10),
(40002, 600159, 11),
(40002, 600164, 11),
(40002, 600165, 8),
(40002, 600167, 8),
(40002, 600168, 8),
(40002, 600172, 10),
(40002, 600173, 8),
(40002, 600175, 11),
(40002, 600176, 10),
(40002, 600178, 11),
(40002, 600183, 8),
(40002, 600185, 11),
(40002, 600186, 12),
(40002, 600204, 8),
(40002, 600206, 11),
(40002, 600207, 8),
(40002, 600215, 10),
(40002, 600217, 8),
(40002, 600218, 9),
(40002, 600220, 12),
(40002, 600222, 7),
(40002, 600226, 12),
(40002, 600228, 12),
(40002, 600232, 10),
(40002, 600234, 12),
(40002, 600235, 9),
(40002, 600239, 10),
(40002, 600241, 9),
(40002, 600243, 10),
(40002, 600245, 10),
(40002, 600246, 8),
(40003, 600012, 7),
(40003, 600014, 12),
(40003, 600019, 8),
(40003, 600025, 12),
(40003, 600048, 11),
(40003, 600058, 8),
(40003, 600070, 10),
(40003, 600076, 10),
(40003, 600081, 9),
(40003, 600086, 12),
(40003, 600104, 9),
(40003, 600114, 12),
(40003, 600124, 11),
(40003, 600169, 8),
(40003, 600170, 10),
(40003, 600171, 8),
(40003, 600177, 8),
(40003, 600179, 8),
(40003, 600180, 10),
(40003, 600187, 8),
(40003, 600188, 10),
(40004, 600003, 10),
(40004, 600006, 10),
(40004, 600016, 8),
(40004, 600018, 9),
(40004, 600027, 9),
(40004, 600033, 10),
(40004, 600040, 9),
(40004, 600047, 10),
(40004, 600063, 8),
(40004, 600072, 7),
(40004, 600083, 11),
(40004, 600106, 12),
(40004, 600109, 9),
(40004, 600110, 9),
(40004, 600111, 7),
(40004, 600121, 7),
(40004, 600123, 9),
(40004, 600138, 8),
(40004, 600139, 10),
(40004, 600147, 8),
(40004, 600181, 9),
(40004, 600182, 10),
(40004, 600189, 7),
(40004, 600190, 11),
(40004, 600191, 8),
(40004, 600192, 9),
(40004, 600212, 9),
(40005, 600010, 11),
(40005, 600011, 8),
(40005, 600020, 9),
(40005, 600021, 8),
(40005, 600026, 7),
(40005, 600030, 9),
(40005, 600032, 11),
(40005, 600061, 9),
(40005, 600066, 9),
(40005, 600079, 9),
(40005, 600082, 11),
(40005, 600085, 12),
(40005, 600089, 8),
(40005, 600112, 10),
(40005, 600125, 10),
(40005, 600126, 11),
(40005, 600148, 8),
(40005, 600193, 8),
(40005, 600198, 12),
(40005, 600199, 7),
(40005, 600200, 7),
(40005, 600201, 7),
(40005, 600213, 12),
(40006, 600004, 10),
(40006, 600024, 9),
(40006, 600038, 8),
(40006, 600039, 11),
(40006, 600043, 8),
(40006, 600050, 11),
(40006, 600057, 8),
(40006, 600064, 8),
(40006, 600068, 8),
(40006, 600069, 10),
(40006, 600074, 8),
(40006, 600075, 10),
(40006, 600113, 8),
(40006, 600117, 8),
(40006, 600122, 11),
(40006, 600144, 10),
(40006, 600150, 8),
(40006, 600202, 7),
(40006, 600203, 12),
(40007, 600009, 11),
(40007, 600015, 8),
(40007, 600036, 10),
(40007, 600037, 9),
(40007, 600060, 10),
(40007, 600062, 8),
(40007, 600073, 7),
(40007, 600094, 7),
(40007, 600099, 10),
(40007, 600119, 9),
(40007, 600145, 10),
(40007, 600146, 8),
(40007, 600219, 11),
(40007, 600223, 7),
(40007, 600224, 7),
(40007, 600225, 7),
(40007, 600229, 11),
(40007, 600230, 8),
(40007, 600238, 10),
(40007, 600242, 9),
(40008, 600007, 9),
(40008, 600042, 7),
(40008, 600045, 12),
(40008, 600065, 7),
(40008, 600067, 7),
(40008, 600093, 12),
(40008, 600101, 12),
(40008, 600137, 7),
(40008, 600143, 7),
(40008, 600231, 10),
(40008, 600236, 12),
(40008, 600237, 11),
(40009, 600002, 12),
(40009, 600017, 11),
(40009, 600023, 7),
(40009, 600029, 7),
(40009, 600031, 11),
(40009, 600035, 7),
(40009, 600046, 10),
(40009, 600052, 12),
(40009, 600055, 8),
(40009, 600105, 8),
(40009, 600115, 11),
(40009, 600116, 12),
(40009, 600130, 8),
(40009, 600134, 9),
(40009, 600141, 12),
(40009, 600142, 11),
(40009, 600152, 9),
(40009, 600153, 9),
(40009, 600160, 8),
(40009, 600161, 10),
(40009, 600194, 11),
(40009, 600195, 9),
(40009, 600208, 10),
(40009, 600209, 10),
(40009, 600214, 11),
(40010, 600001, 8),
(40010, 600005, 12),
(40010, 600008, 11),
(40010, 600028, 12),
(40010, 600041, 8),
(40010, 600053, 8),
(40010, 600056, 8),
(40010, 600071, 10),
(40010, 600080, 7),
(40010, 600084, 12),
(40010, 600090, 8),
(40010, 600091, 7),
(40010, 600095, 8),
(40010, 600127, 12),
(40010, 600128, 8),
(40010, 600131, 10),
(40010, 600133, 9),
(40010, 600149, 9),
(40010, 600154, 11),
(40010, 600155, 12),
(40010, 600162, 9),
(40010, 600163, 8),
(40010, 600166, 11),
(40010, 600174, 8),
(40010, 600184, 9),
(40010, 600196, 11),
(40010, 600197, 12),
(40010, 600205, 12),
(40010, 600210, 9),
(40010, 600211, 12),
(40010, 600216, 10),
(40010, 600221, 12),
(40010, 600227, 8),
(40010, 600233, 9),
(40010, 600240, 8),
(40010, 600244, 9),
(40010, 600247, 7),
(40010, 600248, 11),
(40010, 600249, 12),
(40010, 600250, 9);


INSERT INTO creation VALUES
(500050, 600002, 22.9), 
(500050, 600013, 22.7), 
(500050, 600017, 23.5), 
(500050, 600018, 22.6), 
(500050, 600023, 23.5), 
(500050, 600024, 24.3), 
(500050, 600029, 22.6), 
(500050, 600031, 24), 
(500050, 600033, 22.5), 
(500050, 600034, 23.5), 
(500050, 600036, 24), 
(500050, 600039, 24.2), 
(500050, 600040, 22.6), 
(500050, 600041, 22.5), 
(500050, 600043, 24.2), 
(500050, 600044, 24.2), 
(500050, 600045, 22.6), 
(500050, 600046, 24.4), 
(500050, 600048, 23.1), 
(500050, 600050, 23.8), 
(500050, 600052, 22.6), 
(500050, 600053, 23.2), 
(500050, 600058, 23.1), 
(500050, 600067, 24), 
(500050, 600069, 23.4), 
(500050, 600073, 22.9), 
(500050, 600075, 23.9), 
(500050, 600076, 23), 
(500050, 600079, 24.3), 
(500050, 600080, 24.3), 
(500050, 600081, 24.4), 
(500050, 600088, 23.8), 
(500050, 600091, 23.1), 
(500050, 600105, 22.8), 
(500050, 600109, 24), 
(500050, 600114, 23.9), 
(500050, 600115, 23.4), 
(500050, 600120, 24.3), 
(500050, 600123, 24), 
(500050, 600124, 24.1), 
(500050, 600125, 23.7), 
(500050, 600126, 22.6), 
(500050, 600141, 23.5), 
(500050, 600143, 23.7), 
(500050, 600148, 23.2), 
(500050, 600152, 24.3), 
(500050, 600158, 23.7), 
(500050, 600162, 23.1), 
(500050, 600166, 24.3), 
(500050, 600167, 22.9), 
(500050, 600173, 23.5), 
(500050, 600178, 23.2), 
(500050, 600180, 24.2), 
(500050, 600189, 24), 
(500050, 600193, 22.5), 
(500050, 600196, 23), 
(500050, 600199, 23.1), 
(500050, 600206, 23.6), 
(500050, 600210, 23.7), 
(500050, 600212, 23.4), 
(500050, 600214, 24.4), 
(500050, 600216, 22.8), 
(500050, 600217, 23.4), 
(500050, 600220, 23), 
(500050, 600228, 22.7), 
(500050, 600230, 24.1), 
(500050, 600241, 22.6), 
(500050, 600243, 24.4), 
(500050, 600244, 23), 
(500050, 600246, 23.5), 
(500049, 600007, 23.3), 
(500049, 600025, 23.3), 
(500049, 600028, 23.1), 
(500049, 600038, 24.3), 
(500049, 600056, 22.9), 
(500049, 600065, 24.3), 
(500049, 600078, 23.9), 
(500049, 600082, 22.8), 
(500049, 600085, 23.1), 
(500049, 600100, 22.7), 
(500049, 600102, 22.6), 
(500049, 600118, 24.1), 
(500049, 600139, 22.6), 
(500049, 600145, 23.9), 
(500049, 600154, 22.9), 
(500049, 600168, 23.5), 
(500049, 600170, 22.8), 
(500049, 600174, 23.2), 
(500049, 600176, 23), 
(500049, 600177, 22.9), 
(500049, 600187, 23.2), 
(500049, 600201, 22.5), 
(500049, 600222, 22.5), 
(500049, 600235, 24), 
(500048, 600001, 22.6), 
(500048, 600005, 23.9), 
(500048, 600011, 23.7), 
(500048, 600014, 23.9), 
(500048, 600015, 24.1), 
(500048, 600021, 23.8), 
(500048, 600035, 22.6), 
(500048, 600051, 22.6), 
(500048, 600063, 23.3), 
(500048, 600084, 22.6), 
(500048, 600090, 23.8), 
(500048, 600097, 23.9), 
(500048, 600138, 23.7), 
(500048, 600149, 23.6), 
(500048, 600165, 23.2), 
(500048, 600171, 23.1), 
(500048, 600179, 23.6), 
(500048, 600184, 23.3), 
(500048, 600205, 24.4), 
(500048, 600208, 23.1), 
(500048, 600219, 24.2), 
(500048, 600245, 22.7), 
(500047, 600004, 24.3), 
(500047, 600009, 24.2), 
(500047, 600016, 23.2), 
(500047, 600019, 23.1), 
(500047, 600060, 23.7), 
(500047, 600071, 22.6), 
(500047, 600077, 23.9), 
(500047, 600086, 23.3), 
(500047, 600098, 23.1), 
(500047, 600099, 22.9), 
(500047, 600104, 23.8), 
(500047, 600106, 23), 
(500047, 600110, 23.7), 
(500047, 600116, 22.9), 
(500047, 600119, 23.7), 
(500047, 600130, 23.8), 
(500047, 600131, 23.6), 
(500047, 600150, 23), 
(500047, 600156, 22.8), 
(500047, 600163, 23.6), 
(500047, 600172, 24.4), 
(500047, 600203, 24.3), 
(500047, 600211, 22.8), 
(500047, 600215, 24.1), 
(500047, 600218, 23.5), 
(500047, 600234, 23.1), 
(500047, 600247, 24.2), 
(500046, 600008, 24.1), 
(500046, 600022, 22.8), 
(500046, 600026, 23.3), 
(500046, 600037, 24), 
(500046, 600047, 24.2), 
(500046, 600054, 23.4), 
(500046, 600057, 23.9), 
(500046, 600062, 23), 
(500046, 600064, 24.4), 
(500046, 600093, 22.8), 
(500046, 600101, 22.8), 
(500046, 600112, 23.6), 
(500046, 600113, 23.8), 
(500046, 600117, 23.3), 
(500046, 600128, 23.3), 
(500046, 600132, 24.2), 
(500046, 600133, 24), 
(500046, 600136, 23.3), 
(500046, 600144, 23.9), 
(500046, 600151, 23), 
(500046, 600153, 23.9), 
(500046, 600164, 23.9), 
(500046, 600186, 22.6), 
(500046, 600192, 23.5), 
(500046, 600197, 24.4), 
(500046, 600207, 23.2), 
(500046, 600225, 22.7), 
(500046, 600229, 23), 
(500046, 600231, 22.7), 
(500046, 600237, 23.4), 
(500046, 600250, 22.9), 
(500045, 600003, 23.8), 
(500045, 600020, 23.1), 
(500045, 600049, 24.4), 
(500045, 600059, 23.6), 
(500045, 600061, 24.1), 
(500045, 600070, 22.9), 
(500045, 600072, 24), 
(500045, 600095, 23), 
(500045, 600096, 23.7), 
(500045, 600108, 23.1), 
(500045, 600122, 23.9), 
(500045, 600134, 22.9), 
(500045, 600185, 23.6), 
(500045, 600188, 23.9), 
(500045, 600190, 24), 
(500045, 600195, 23.7), 
(500045, 600198, 22.7), 
(500045, 600221, 24.1), 
(500045, 600224, 24.4), 
(500045, 600242, 23.4), 
(500045, 600249, 24.1), 
(500044, 600010, 23), 
(500044, 600012, 23.4), 
(500044, 600027, 23.5), 
(500044, 600030, 23), 
(500044, 600032, 22.8), 
(500044, 600042, 23.4), 
(500044, 600066, 24.4), 
(500044, 600068, 22.6), 
(500044, 600083, 24.2), 
(500044, 600087, 23.1), 
(500044, 600094, 23.9), 
(500044, 600111, 22.9), 
(500044, 600127, 22.6), 
(500044, 600135, 22.6), 
(500044, 600140, 23.1), 
(500044, 600146, 23.2), 
(500044, 600147, 24.1), 
(500044, 600155, 24.1), 
(500044, 600159, 22.5), 
(500044, 600169, 23.8), 
(500044, 600175, 23.4), 
(500044, 600191, 23), 
(500044, 600202, 22.7), 
(500044, 600213, 23.9), 
(500044, 600223, 22.7), 
(500044, 600236, 24.4), 
(500044, 600238, 23.2), 
(500044, 600248, 22.9), 
(500043, 600006, 23.4), 
(500043, 600055, 24.3), 
(500043, 600074, 24), 
(500043, 600089, 23.2), 
(500043, 600092, 23.4), 
(500043, 600103, 24.3), 
(500043, 600107, 23.4), 
(500043, 600121, 22.7), 
(500043, 600129, 22.7), 
(500043, 600137, 24.4), 
(500043, 600142, 23.1), 
(500043, 600157, 23.2), 
(500043, 600160, 23.8), 
(500043, 600161, 22.7), 
(500043, 600181, 24.4), 
(500043, 600182, 23.5), 
(500043, 600183, 23.1), 
(500043, 600194, 23.3), 
(500043, 600200, 22.5), 
(500043, 600204, 22.8), 
(500043, 600209, 24.1), 
(500043, 600226, 23.2), 
(500043, 600227, 22.9), 
(500043, 600232, 23.8), 
(500043, 600233, 22.6), 
(500043, 600239, 22.7), 
(500043, 600240, 23.1), 
(500042, 600013, 2), 
(500042, 600014, 2), 
(500042, 600018, 2), 
(500042, 600020, 2), 
(500042, 600025, 2), 
(500042, 600028, 2), 
(500042, 600029, 2), 
(500042, 600034, 2), 
(500042, 600035, 2), 
(500042, 600051, 2), 
(500042, 600055, 2), 
(500042, 600061, 2), 
(500042, 600065, 2), 
(500042, 600066, 2), 
(500042, 600073, 2), 
(500042, 600075, 2), 
(500042, 600082, 2), 
(500042, 600084, 2), 
(500042, 600090, 2), 
(500042, 600091, 2), 
(500042, 600092, 2), 
(500042, 600096, 2), 
(500042, 600102, 2), 
(500042, 600104, 2), 
(500042, 600105, 2), 
(500042, 600111, 2), 
(500042, 600123, 2), 
(500042, 600134, 2), 
(500042, 600161, 2), 
(500042, 600183, 2), 
(500042, 600190, 2), 
(500042, 600204, 2), 
(500042, 600209, 2), 
(500042, 600217, 2), 
(500042, 600218, 2), 
(500042, 600236, 2), 
(500041, 600001, 2), 
(500041, 600019, 2), 
(500041, 600032, 2), 
(500041, 600037, 2), 
(500041, 600041, 2), 
(500041, 600044, 2), 
(500041, 600045, 2), 
(500041, 600053, 2), 
(500041, 600063, 2), 
(500041, 600067, 2), 
(500041, 600074, 2), 
(500041, 600076, 2), 
(500041, 600079, 2), 
(500041, 600083, 2), 
(500041, 600097, 2), 
(500041, 600107, 2), 
(500041, 600112, 2), 
(500041, 600115, 2), 
(500041, 600130, 2), 
(500041, 600131, 2), 
(500041, 600136, 2), 
(500041, 600145, 2), 
(500041, 600153, 2), 
(500041, 600158, 2), 
(500041, 600162, 2), 
(500041, 600164, 2), 
(500041, 600171, 2), 
(500041, 600174, 2), 
(500041, 600177, 2), 
(500041, 600196, 2), 
(500041, 600197, 2), 
(500041, 600202, 2), 
(500041, 600220, 2), 
(500041, 600226, 2), 
(500041, 600227, 2), 
(500041, 600229, 2), 
(500041, 600235, 2), 
(500041, 600249, 2), 
(500040, 600016, 2), 
(500040, 600022, 2), 
(500040, 600030, 2), 
(500040, 600033, 2), 
(500040, 600043, 2), 
(500040, 600046, 2), 
(500040, 600056, 2), 
(500040, 600057, 2), 
(500040, 600068, 2), 
(500040, 600078, 2), 
(500040, 600094, 2), 
(500040, 600095, 2), 
(500040, 600108, 2), 
(500040, 600109, 2), 
(500040, 600114, 2), 
(500040, 600116, 2), 
(500040, 600118, 2), 
(500040, 600125, 2), 
(500040, 600126, 2), 
(500040, 600128, 2), 
(500040, 600133, 2), 
(500040, 600154, 2), 
(500040, 600160, 2), 
(500040, 600165, 2), 
(500040, 600167, 2), 
(500040, 600168, 2), 
(500040, 600169, 2), 
(500040, 600200, 2), 
(500040, 600207, 2), 
(500040, 600212, 2), 
(500040, 600224, 2), 
(500040, 600239, 2), 
(500040, 600245, 2), 
(500040, 600246, 2), 
(500039, 600003, 2), 
(500039, 600004, 2), 
(500039, 600010, 2), 
(500039, 600011, 2), 
(500039, 600042, 2), 
(500039, 600048, 2), 
(500039, 600052, 2), 
(500039, 600058, 2), 
(500039, 600070, 2), 
(500039, 600080, 2), 
(500039, 600081, 2), 
(500039, 600098, 2), 
(500039, 600120, 2), 
(500039, 600127, 2), 
(500039, 600132, 2), 
(500039, 600139, 2), 
(500039, 600146, 2), 
(500039, 600149, 2), 
(500039, 600155, 2), 
(500039, 600157, 2), 
(500039, 600159, 2), 
(500039, 600175, 2), 
(500039, 600180, 2), 
(500039, 600184, 2), 
(500039, 600188, 2), 
(500039, 600191, 2), 
(500039, 600205, 2), 
(500039, 600210, 2), 
(500039, 600219, 2), 
(500039, 600232, 2), 
(500039, 600241, 2), 
(500039, 600243, 2), 
(500039, 600247, 2), 
(500038, 600007, 2), 
(500038, 600008, 2), 
(500038, 600009, 2), 
(500038, 600015, 2), 
(500038, 600021, 2), 
(500038, 600038, 2), 
(500038, 600039, 2), 
(500038, 600050, 2), 
(500038, 600062, 2), 
(500038, 600064, 2), 
(500038, 600072, 2), 
(500038, 600077, 2), 
(500038, 600086, 2), 
(500038, 600093, 2), 
(500038, 600101, 2), 
(500038, 600110, 2), 
(500038, 600129, 2), 
(500038, 600135, 2), 
(500038, 600140, 2), 
(500038, 600141, 2), 
(500038, 600147, 2), 
(500038, 600152, 2), 
(500038, 600163, 2), 
(500038, 600170, 2), 
(500038, 600173, 2), 
(500038, 600179, 2), 
(500038, 600181, 2), 
(500038, 600182, 2), 
(500038, 600193, 2), 
(500038, 600198, 2), 
(500038, 600199, 2), 
(500038, 600203, 2), 
(500038, 600206, 2), 
(500038, 600211, 2), 
(500038, 600214, 2), 
(500038, 600221, 2), 
(500038, 600230, 2), 
(500038, 600233, 2), 
(500038, 600237, 2), 
(500038, 600240, 2), 
(500038, 600242, 2), 
(500037, 600002, 2), 
(500037, 600006, 2), 
(500037, 600036, 2), 
(500037, 600040, 2), 
(500037, 600054, 2), 
(500037, 600059, 2), 
(500037, 600069, 2), 
(500037, 600088, 2), 
(500037, 600089, 2), 
(500037, 600099, 2), 
(500037, 600103, 2), 
(500037, 600106, 2), 
(500037, 600113, 2), 
(500037, 600117, 2), 
(500037, 600119, 2), 
(500037, 600122, 2), 
(500037, 600138, 2), 
(500037, 600144, 2), 
(500037, 600151, 2), 
(500037, 600156, 2), 
(500037, 600166, 2), 
(500037, 600172, 2), 
(500037, 600178, 2), 
(500037, 600185, 2), 
(500037, 600187, 2), 
(500037, 600189, 2), 
(500037, 600192, 2), 
(500037, 600194, 2), 
(500037, 600201, 2), 
(500037, 600208, 2), 
(500037, 600216, 2), 
(500037, 600222, 2), 
(500037, 600223, 2), 
(500037, 600225, 2), 
(500037, 600228, 2), 
(500037, 600231, 2), 
(500037, 600234, 2), 
(500037, 600248, 2), 
(500036, 600005, 2), 
(500036, 600012, 2), 
(500036, 600017, 2), 
(500036, 600023, 2), 
(500036, 600024, 2), 
(500036, 600026, 2), 
(500036, 600027, 2), 
(500036, 600031, 2), 
(500036, 600047, 2), 
(500036, 600049, 2), 
(500036, 600060, 2), 
(500036, 600071, 2), 
(500036, 600085, 2), 
(500036, 600087, 2), 
(500036, 600100, 2), 
(500036, 600121, 2), 
(500036, 600124, 2), 
(500036, 600137, 2), 
(500036, 600142, 2), 
(500036, 600143, 2), 
(500036, 600148, 2), 
(500036, 600150, 2), 
(500036, 600176, 2), 
(500036, 600186, 2), 
(500036, 600195, 2), 
(500036, 600213, 2), 
(500036, 600215, 2), 
(500036, 600238, 2), 
(500036, 600244, 2), 
(500036, 600250, 2), 
(500035, 600001, 1), 
(500035, 600002, 1), 
(500035, 600003, 1), 
(500035, 600004, 1), 
(500035, 600005, 1), 
(500035, 600006, 1), 
(500035, 600007, 1), 
(500035, 600008, 1), 
(500035, 600009, 1), 
(500035, 600010, 1), 
(500035, 600011, 1), 
(500035, 600012, 1), 
(500035, 600013, 1), 
(500035, 600014, 1), 
(500035, 600015, 1), 
(500035, 600016, 1), 
(500035, 600017, 1), 
(500035, 600018, 1), 
(500035, 600019, 1), 
(500035, 600020, 1), 
(500035, 600021, 1), 
(500035, 600022, 1), 
(500035, 600023, 1), 
(500035, 600024, 1), 
(500035, 600025, 1), 
(500035, 600026, 1), 
(500035, 600027, 1), 
(500035, 600028, 1), 
(500035, 600029, 1), 
(500035, 600030, 1), 
(500035, 600031, 1), 
(500035, 600032, 1), 
(500035, 600033, 1), 
(500035, 600034, 1), 
(500035, 600035, 1), 
(500035, 600036, 1), 
(500035, 600037, 1), 
(500035, 600038, 1), 
(500035, 600039, 1), 
(500035, 600040, 1), 
(500035, 600041, 1), 
(500035, 600042, 1), 
(500035, 600043, 1), 
(500035, 600044, 1), 
(500035, 600045, 1), 
(500035, 600046, 1), 
(500035, 600047, 1), 
(500035, 600048, 1), 
(500035, 600049, 1), 
(500035, 600050, 1), 
(500035, 600051, 1), 
(500035, 600052, 1), 
(500035, 600053, 1), 
(500035, 600054, 1), 
(500035, 600055, 1), 
(500035, 600056, 1), 
(500035, 600057, 1), 
(500035, 600058, 1), 
(500035, 600059, 1), 
(500035, 600060, 1), 
(500035, 600061, 1), 
(500035, 600062, 1), 
(500035, 600063, 1), 
(500035, 600064, 1), 
(500035, 600065, 1), 
(500035, 600066, 1), 
(500035, 600067, 1), 
(500035, 600068, 1), 
(500035, 600069, 1), 
(500035, 600070, 1), 
(500035, 600071, 1), 
(500035, 600072, 1), 
(500035, 600073, 1), 
(500035, 600074, 1), 
(500035, 600075, 1), 
(500035, 600076, 1), 
(500035, 600077, 1), 
(500035, 600078, 1), 
(500035, 600079, 1), 
(500035, 600080, 1), 
(500035, 600081, 1), 
(500035, 600082, 1), 
(500035, 600083, 1), 
(500035, 600084, 1), 
(500035, 600085, 1), 
(500035, 600086, 1), 
(500035, 600087, 1), 
(500035, 600088, 1), 
(500035, 600089, 1), 
(500035, 600090, 1), 
(500035, 600091, 1), 
(500035, 600092, 1), 
(500035, 600093, 1), 
(500035, 600094, 1), 
(500035, 600095, 1), 
(500035, 600096, 1), 
(500035, 600097, 1), 
(500035, 600098, 1), 
(500035, 600099, 1), 
(500035, 600100, 1), 
(500035, 600101, 1), 
(500035, 600102, 1), 
(500035, 600103, 1), 
(500035, 600104, 1), 
(500035, 600105, 1), 
(500035, 600106, 1), 
(500035, 600107, 1), 
(500035, 600108, 1), 
(500035, 600109, 1), 
(500035, 600110, 1), 
(500035, 600111, 1), 
(500035, 600112, 1), 
(500035, 600113, 1), 
(500035, 600114, 1), 
(500035, 600115, 1), 
(500035, 600116, 1), 
(500035, 600117, 1), 
(500035, 600118, 1), 
(500035, 600119, 1), 
(500035, 600120, 1), 
(500035, 600121, 1), 
(500035, 600122, 1), 
(500035, 600123, 1), 
(500035, 600124, 1), 
(500035, 600125, 1), 
(500035, 600126, 1), 
(500035, 600127, 1), 
(500035, 600128, 1), 
(500035, 600129, 1), 
(500035, 600130, 1), 
(500035, 600131, 1), 
(500035, 600132, 1), 
(500035, 600133, 1), 
(500035, 600134, 1), 
(500035, 600135, 1), 
(500035, 600136, 1), 
(500035, 600137, 1), 
(500035, 600138, 1), 
(500035, 600139, 1), 
(500035, 600140, 1), 
(500035, 600141, 1), 
(500035, 600142, 1), 
(500035, 600143, 1), 
(500035, 600144, 1), 
(500035, 600145, 1), 
(500035, 600146, 1), 
(500035, 600147, 1), 
(500035, 600148, 1), 
(500035, 600149, 1), 
(500035, 600150, 1), 
(500035, 600151, 1), 
(500035, 600152, 1), 
(500035, 600153, 1), 
(500035, 600154, 1), 
(500035, 600155, 1), 
(500035, 600156, 1), 
(500035, 600157, 1), 
(500035, 600158, 1), 
(500035, 600159, 1), 
(500035, 600160, 1), 
(500035, 600161, 1), 
(500035, 600162, 1), 
(500035, 600163, 1), 
(500035, 600164, 1), 
(500035, 600165, 1), 
(500035, 600166, 1), 
(500035, 600167, 1), 
(500035, 600168, 1), 
(500035, 600169, 1), 
(500035, 600170, 1), 
(500035, 600171, 1), 
(500035, 600172, 1), 
(500035, 600173, 1), 
(500035, 600174, 1), 
(500035, 600175, 1), 
(500035, 600176, 1), 
(500035, 600177, 1), 
(500035, 600178, 1), 
(500035, 600179, 1), 
(500035, 600180, 1), 
(500035, 600181, 1), 
(500035, 600182, 1), 
(500035, 600183, 1), 
(500035, 600184, 1), 
(500035, 600185, 1), 
(500035, 600186, 1), 
(500035, 600187, 1), 
(500035, 600188, 1), 
(500035, 600189, 1), 
(500035, 600190, 1), 
(500035, 600191, 1), 
(500035, 600192, 1), 
(500035, 600193, 1), 
(500035, 600194, 1), 
(500035, 600195, 1), 
(500035, 600196, 1), 
(500035, 600197, 1), 
(500035, 600198, 1), 
(500035, 600199, 1), 
(500035, 600200, 1), 
(500035, 600201, 1), 
(500035, 600202, 1), 
(500035, 600203, 1), 
(500035, 600204, 1), 
(500035, 600205, 1), 
(500035, 600206, 1), 
(500035, 600207, 1), 
(500035, 600208, 1), 
(500035, 600209, 1), 
(500035, 600210, 1), 
(500035, 600211, 1), 
(500035, 600212, 1), 
(500035, 600213, 1), 
(500035, 600214, 1), 
(500035, 600215, 1), 
(500035, 600216, 1), 
(500035, 600217, 1), 
(500035, 600218, 1), 
(500035, 600219, 1), 
(500035, 600220, 1), 
(500035, 600221, 1), 
(500035, 600222, 1), 
(500035, 600223, 1), 
(500035, 600224, 1), 
(500035, 600225, 1), 
(500035, 600226, 1), 
(500035, 600227, 1), 
(500035, 600228, 1), 
(500035, 600229, 1), 
(500035, 600230, 1), 
(500035, 600231, 1), 
(500035, 600232, 1), 
(500035, 600233, 1), 
(500035, 600234, 1), 
(500035, 600235, 1), 
(500035, 600236, 1), 
(500035, 600237, 1), 
(500035, 600238, 1), 
(500035, 600239, 1), 
(500035, 600240, 1), 
(500035, 600241, 1), 
(500035, 600242, 1), 
(500035, 600243, 1), 
(500035, 600244, 1), 
(500035, 600245, 1), 
(500035, 600246, 1), 
(500035, 600247, 1), 
(500035, 600248, 1), 
(500035, 600249, 1), 
(500035, 600250, 1), 
(500034, 600007, 1), 
(500034, 600008, 1.5), 
(500034, 600020, 1.5), 
(500034, 600026, 1.75), 
(500034, 600028, 0.75), 
(500034, 600033, 1), 
(500034, 600037, 1.5), 
(500034, 600042, 1.75), 
(500034, 600044, 1.75), 
(500034, 600047, 1.5), 
(500034, 600049, 1), 
(500034, 600055, 1.5), 
(500034, 600061, 0.75), 
(500034, 600067, 1.75), 
(500034, 600076, 1.25), 
(500034, 600081, 1), 
(500034, 600082, 1.25), 
(500034, 600102, 1.5), 
(500034, 600105, 1.25), 
(500034, 600106, 1.25), 
(500034, 600108, 1.25), 
(500034, 600111, 0.75), 
(500034, 600112, 0.75), 
(500034, 600115, 1.25), 
(500034, 600125, 1.75), 
(500034, 600128, 1.5), 
(500034, 600129, 1.75), 
(500034, 600131, 1.75), 
(500034, 600132, 1.5), 
(500034, 600138, 1.5), 
(500034, 600140, 1.75), 
(500034, 600143, 1.75), 
(500034, 600147, 0.75), 
(500034, 600149, 0.75), 
(500034, 600156, 1.5), 
(500034, 600158, 1.5), 
(500034, 600160, 1.75), 
(500034, 600166, 1), 
(500034, 600170, 0.75), 
(500034, 600172, 0.75), 
(500034, 600178, 1.25), 
(500034, 600179, 1), 
(500034, 600186, 0.75), 
(500034, 600191, 1.25), 
(500034, 600196, 1.75), 
(500034, 600202, 0.75), 
(500034, 600207, 0.75), 
(500034, 600209, 1.5), 
(500034, 600212, 1.75), 
(500034, 600217, 1.75), 
(500034, 600218, 1.5), 
(500034, 600222, 1.25), 
(500034, 600225, 0.75), 
(500034, 600230, 1.75), 
(500034, 600231, 1.5), 
(500034, 600248, 0.75), 
(500033, 600014, 0.75), 
(500033, 600017, 1.25), 
(500033, 600019, 1.75), 
(500033, 600022, 1.5), 
(500033, 600024, 1.75), 
(500033, 600034, 1.75), 
(500033, 600040, 1.25), 
(500033, 600045, 1.75), 
(500033, 600046, 1.75), 
(500033, 600050, 1), 
(500033, 600068, 1.5), 
(500033, 600072, 1.25), 
(500033, 600074, 1.25), 
(500033, 600078, 1.5), 
(500033, 600080, 1.5), 
(500033, 600083, 1), 
(500033, 600086, 1), 
(500033, 600091, 1.5), 
(500033, 600092, 1.5), 
(500033, 600093, 1), 
(500033, 600096, 1.5), 
(500033, 600097, 1), 
(500033, 600098, 0.75), 
(500033, 600104, 1.25), 
(500033, 600107, 0.75), 
(500033, 600110, 0.75), 
(500033, 600114, 1.75), 
(500033, 600121, 1.5), 
(500033, 600123, 1.25), 
(500033, 600137, 1.5), 
(500033, 600139, 1.75), 
(500033, 600146, 1), 
(500033, 600153, 1.5), 
(500033, 600167, 1.75), 
(500033, 600174, 1.5), 
(500033, 600177, 1), 
(500033, 600183, 1.25), 
(500033, 600185, 1.75), 
(500033, 600192, 1.5), 
(500033, 600193, 1.25), 
(500033, 600220, 1.5), 
(500033, 600232, 1.25), 
(500033, 600243, 0.75), 
(500033, 600247, 1.25), 
(500033, 600249, 1.75), 
(500032, 600001, 1.5), 
(500032, 600003, 1), 
(500032, 600013, 1), 
(500032, 600021, 1.25), 
(500032, 600025, 1.75), 
(500032, 600035, 1.25), 
(500032, 600053, 1), 
(500032, 600054, 1.75), 
(500032, 600057, 0.75), 
(500032, 600058, 1.5), 
(500032, 600062, 1.5), 
(500032, 600063, 1), 
(500032, 600066, 0.75), 
(500032, 600077, 1.75), 
(500032, 600087, 1.75), 
(500032, 600099, 1.5), 
(500032, 600116, 1.25), 
(500032, 600122, 1), 
(500032, 600126, 1.25), 
(500032, 600127, 0.75), 
(500032, 600134, 1.25), 
(500032, 600141, 1), 
(500032, 600148, 1.75), 
(500032, 600151, 1.25), 
(500032, 600152, 1.25), 
(500032, 600159, 1.5), 
(500032, 600168, 1.5), 
(500032, 600173, 1.25), 
(500032, 600176, 1), 
(500032, 600180, 0.75), 
(500032, 600184, 1.75), 
(500032, 600187, 0.75), 
(500032, 600203, 1), 
(500032, 600204, 1), 
(500032, 600205, 1.5), 
(500032, 600206, 1), 
(500032, 600208, 1.5), 
(500032, 600214, 1.25), 
(500032, 600227, 1), 
(500032, 600240, 1.25), 
(500031, 600004, 1.5), 
(500031, 600012, 1), 
(500031, 600023, 0.75), 
(500031, 600027, 1.25), 
(500031, 600031, 1), 
(500031, 600041, 1), 
(500031, 600048, 1), 
(500031, 600071, 1), 
(500031, 600075, 1.75), 
(500031, 600079, 1.5), 
(500031, 600101, 0.75), 
(500031, 600103, 1.75), 
(500031, 600109, 1.75), 
(500031, 600119, 1.5), 
(500031, 600124, 0.75), 
(500031, 600135, 1.5), 
(500031, 600142, 0.75), 
(500031, 600145, 1.5), 
(500031, 600150, 0.75), 
(500031, 600154, 1.75), 
(500031, 600161, 1.75), 
(500031, 600164, 1.25), 
(500031, 600165, 0.75), 
(500031, 600169, 1.75), 
(500031, 600171, 0.75), 
(500031, 600175, 1.5), 
(500031, 600189, 1.75), 
(500031, 600190, 0.75), 
(500031, 600194, 1.5), 
(500031, 600197, 1.5), 
(500031, 600201, 0.75), 
(500031, 600210, 1), 
(500031, 600211, 1), 
(500031, 600216, 1), 
(500031, 600224, 1.5), 
(500031, 600228, 1), 
(500031, 600233, 0.75), 
(500031, 600236, 0.75), 
(500031, 600242, 0.75), 
(500031, 600244, 1), 
(500031, 600250, 1.5), 
(500030, 600005, 1.5), 
(500030, 600006, 1.75), 
(500030, 600010, 1.5), 
(500030, 600011, 1.75), 
(500030, 600016, 0.75), 
(500030, 600018, 1.25), 
(500030, 600030, 1), 
(500030, 600038, 1), 
(500030, 600051, 1.25), 
(500030, 600052, 1.75), 
(500030, 600064, 1.25), 
(500030, 600069, 1), 
(500030, 600070, 1.5), 
(500030, 600088, 1.5), 
(500030, 600089, 1.75), 
(500030, 600090, 1.5), 
(500030, 600094, 1.5), 
(500030, 600113, 1), 
(500030, 600120, 1), 
(500030, 600130, 1.75), 
(500030, 600155, 1.25), 
(500030, 600157, 1.25), 
(500030, 600162, 1.75), 
(500030, 600163, 1.5), 
(500030, 600182, 1.25), 
(500030, 600188, 1.25), 
(500030, 600195, 1.25), 
(500030, 600198, 1.5), 
(500030, 600199, 1), 
(500030, 600200, 1.75), 
(500030, 600213, 1.75), 
(500030, 600215, 1.25), 
(500030, 600219, 1), 
(500030, 600223, 1.5), 
(500030, 600226, 1), 
(500030, 600229, 1.25), 
(500030, 600234, 1.25), 
(500030, 600235, 1.5), 
(500030, 600238, 1), 
(500030, 600241, 0.75), 
(500029, 600002, 1.25), 
(500029, 600009, 0.75), 
(500029, 600015, 1.75), 
(500029, 600029, 0.75), 
(500029, 600032, 1.75), 
(500029, 600036, 1.25), 
(500029, 600039, 0.75), 
(500029, 600043, 1.5), 
(500029, 600056, 1.25), 
(500029, 600059, 1.5), 
(500029, 600060, 0.75), 
(500029, 600065, 1.25), 
(500029, 600073, 1), 
(500029, 600084, 1), 
(500029, 600085, 1.75), 
(500029, 600095, 1.5), 
(500029, 600100, 1.5), 
(500029, 600117, 1.25), 
(500029, 600118, 1.5), 
(500029, 600133, 0.75), 
(500029, 600136, 1), 
(500029, 600144, 1.75), 
(500029, 600181, 1.5), 
(500029, 600221, 1.75), 
(500029, 600237, 1.5), 
(500029, 600239, 1.5), 
(500029, 600245, 0.75), 
(500029, 600246, 0.75), 
(500028, 600004, 12.1), 
(500028, 600015, 12.4), 
(500028, 600027, 12.3), 
(500028, 600028, 13.6), 
(500028, 600030, 13.3), 
(500028, 600042, 13.1), 
(500028, 600046, 13.4), 
(500028, 600052, 13.5), 
(500028, 600053, 13.1), 
(500028, 600064, 12.2), 
(500028, 600069, 13.9), 
(500028, 600080, 12.9), 
(500028, 600083, 12.8), 
(500028, 600084, 12.7), 
(500028, 600090, 13.7), 
(500028, 600093, 12.3), 
(500028, 600094, 12.8), 
(500028, 600095, 13.1), 
(500028, 600097, 12.4), 
(500028, 600104, 13.8), 
(500028, 600111, 13.8), 
(500028, 600113, 14), 
(500028, 600114, 13.2), 
(500028, 600116, 13.3), 
(500028, 600120, 13.4), 
(500028, 600124, 12.9), 
(500028, 600130, 12.4), 
(500028, 600133, 12.4), 
(500028, 600136, 13.3), 
(500028, 600138, 12.5), 
(500028, 600141, 13.2), 
(500028, 600143, 13.5), 
(500028, 600144, 13.4), 
(500028, 600157, 12.6), 
(500028, 600159, 13.5), 
(500028, 600160, 13.4), 
(500028, 600162, 13.6), 
(500028, 600165, 13.2), 
(500028, 600168, 12.6), 
(500028, 600177, 13.3), 
(500028, 600184, 13), 
(500028, 600194, 12.6), 
(500028, 600198, 12.1), 
(500028, 600207, 14), 
(500028, 600208, 12.5), 
(500028, 600223, 12.3), 
(500028, 600224, 12.6), 
(500028, 600233, 12.3), 
(500028, 600234, 12.4), 
(500028, 600237, 12.2), 
(500028, 600238, 12.3), 
(500028, 600242, 13.5), 
(500028, 600246, 12.4), 
(500028, 600247, 13.4), 
(500028, 600248, 13.4), 
(500028, 600250, 12.5), 
(500027, 600003, 12.4), 
(500027, 600005, 12.8), 
(500027, 600006, 12.4), 
(500027, 600007, 13), 
(500027, 600008, 13.5), 
(500027, 600009, 12.9), 
(500027, 600013, 13.2), 
(500027, 600017, 12.9), 
(500027, 600018, 13.9), 
(500027, 600020, 12.9), 
(500027, 600021, 12.5), 
(500027, 600023, 12.2), 
(500027, 600024, 13.7), 
(500027, 600026, 13.5), 
(500027, 600035, 13.2), 
(500027, 600038, 12.4), 
(500027, 600043, 13.2), 
(500027, 600047, 12.3), 
(500027, 600048, 13.1), 
(500027, 600049, 12.3), 
(500027, 600058, 13.8), 
(500027, 600061, 12.8), 
(500027, 600068, 13.9), 
(500027, 600070, 12.6), 
(500027, 600071, 13.9), 
(500027, 600072, 12.4), 
(500027, 600075, 12.1), 
(500027, 600076, 12.8), 
(500027, 600077, 12.5), 
(500027, 600081, 12.9), 
(500027, 600082, 13.2), 
(500027, 600096, 12.2), 
(500027, 600102, 13.3), 
(500027, 600107, 13.3), 
(500027, 600110, 13), 
(500027, 600112, 13), 
(500027, 600127, 13), 
(500027, 600129, 14), 
(500027, 600131, 13.5), 
(500027, 600132, 13.1), 
(500027, 600137, 12.8), 
(500027, 600140, 13.3), 
(500027, 600151, 13.6), 
(500027, 600152, 12.3), 
(500027, 600153, 12.7), 
(500027, 600155, 14), 
(500027, 600161, 12.3), 
(500027, 600166, 12.3), 
(500027, 600172, 13.9), 
(500027, 600175, 13.2), 
(500027, 600179, 13), 
(500027, 600185, 13.1), 
(500027, 600190, 13.2), 
(500027, 600191, 12.5), 
(500027, 600215, 12.8), 
(500027, 600216, 12.2), 
(500027, 600217, 13.8), 
(500027, 600218, 14), 
(500027, 600220, 13.6), 
(500027, 600221, 13.8), 
(500027, 600226, 12.2), 
(500027, 600227, 13.8), 
(500027, 600228, 13), 
(500027, 600230, 12.4), 
(500027, 600232, 13), 
(500027, 600239, 13.7), 
(500027, 600245, 12.4), 
(500026, 600010, 13.6), 
(500026, 600014, 13.5), 
(500026, 600016, 13), 
(500026, 600025, 12.3), 
(500026, 600029, 12.4), 
(500026, 600031, 12.9), 
(500026, 600034, 12.6), 
(500026, 600037, 13.5), 
(500026, 600051, 13.8), 
(500026, 600057, 13), 
(500026, 600063, 13.4), 
(500026, 600065, 13.3), 
(500026, 600066, 13.1), 
(500026, 600067, 12.3), 
(500026, 600073, 13.9), 
(500026, 600086, 13.1), 
(500026, 600091, 13.4), 
(500026, 600092, 12.5), 
(500026, 600098, 12.1), 
(500026, 600100, 13), 
(500026, 600103, 13.1), 
(500026, 600105, 13.3), 
(500026, 600117, 12.2), 
(500026, 600119, 12.2), 
(500026, 600121, 13.7), 
(500026, 600122, 13), 
(500026, 600123, 12.6), 
(500026, 600125, 12.6), 
(500026, 600128, 12.8), 
(500026, 600134, 13.6), 
(500026, 600135, 13.8), 
(500026, 600139, 13.2), 
(500026, 600146, 13.3), 
(500026, 600148, 13.1), 
(500026, 600150, 14), 
(500026, 600154, 12.6), 
(500026, 600156, 13.9), 
(500026, 600158, 13.6), 
(500026, 600163, 12.5), 
(500026, 600164, 13.4), 
(500026, 600169, 12.5), 
(500026, 600170, 12.3), 
(500026, 600171, 12.1), 
(500026, 600173, 12.6), 
(500026, 600178, 13.2), 
(500026, 600180, 13.5), 
(500026, 600183, 13.2), 
(500026, 600188, 13.9), 
(500026, 600189, 12.1), 
(500026, 600193, 13.8), 
(500026, 600199, 13), 
(500026, 600203, 13.8), 
(500026, 600204, 12.3), 
(500026, 600205, 12.8), 
(500026, 600206, 12.5), 
(500026, 600210, 14), 
(500026, 600211, 13.7), 
(500026, 600212, 13.5), 
(500026, 600222, 12.8), 
(500026, 600225, 13.9), 
(500026, 600231, 12.5), 
(500026, 600235, 12.8), 
(500026, 600236, 12.9), 
(500026, 600240, 12.8), 
(500026, 600241, 13), 
(500026, 600244, 12.7), 
(500026, 600249, 13.8), 
(500025, 600001, 12.7), 
(500025, 600002, 13.3), 
(500025, 600011, 12.6), 
(500025, 600012, 13.4), 
(500025, 600019, 13.1), 
(500025, 600022, 13.2), 
(500025, 600032, 13.5), 
(500025, 600033, 13.6), 
(500025, 600036, 13.4), 
(500025, 600039, 13.9), 
(500025, 600040, 13.8), 
(500025, 600041, 13.5), 
(500025, 600044, 13.3), 
(500025, 600045, 12.5), 
(500025, 600050, 13.7), 
(500025, 600054, 13.9), 
(500025, 600055, 12.7), 
(500025, 600056, 12.7), 
(500025, 600059, 14), 
(500025, 600060, 12.8), 
(500025, 600062, 13.3), 
(500025, 600074, 13.5), 
(500025, 600078, 12.1), 
(500025, 600079, 12.3), 
(500025, 600085, 13.9), 
(500025, 600087, 12.7), 
(500025, 600088, 12.5), 
(500025, 600089, 12.1), 
(500025, 600099, 12.6), 
(500025, 600101, 12.4), 
(500025, 600106, 13.7), 
(500025, 600108, 13.7), 
(500025, 600109, 12.2), 
(500025, 600115, 13.8), 
(500025, 600118, 13.5), 
(500025, 600126, 12.9), 
(500025, 600142, 14), 
(500025, 600145, 13.7), 
(500025, 600147, 13.2), 
(500025, 600149, 13.2), 
(500025, 600167, 13.2), 
(500025, 600174, 13.7), 
(500025, 600176, 13.8), 
(500025, 600181, 12.4), 
(500025, 600182, 12.8), 
(500025, 600186, 13.9), 
(500025, 600187, 12.7), 
(500025, 600192, 13), 
(500025, 600195, 12.3), 
(500025, 600196, 12.7), 
(500025, 600197, 12.7), 
(500025, 600200, 12.7), 
(500025, 600201, 12.5), 
(500025, 600202, 12.1), 
(500025, 600209, 12.2), 
(500025, 600213, 12.9), 
(500025, 600214, 13), 
(500025, 600219, 13.3), 
(500025, 600229, 12.1), 
(500025, 600243, 13.1), 
(500024, 600004, 0.51), 
(500024, 600005, 0.49), 
(500024, 600006, 0.51), 
(500024, 600009, 0.49), 
(500024, 600011, 0.46), 
(500024, 600016, 0.43), 
(500024, 600029, 0.44), 
(500024, 600030, 0.48), 
(500024, 600032, 0.56), 
(500024, 600056, 0.58), 
(500024, 600065, 0.5), 
(500024, 600071, 0.59), 
(500024, 600080, 0.57), 
(500024, 600081, 0.48), 
(500024, 600088, 0.5), 
(500024, 600089, 0.52), 
(500024, 600096, 0.54), 
(500024, 600111, 0.46), 
(500024, 600130, 0.49), 
(500024, 600131, 0.49), 
(500024, 600132, 0.42), 
(500024, 600136, 0.45), 
(500024, 600151, 0.58), 
(500024, 600153, 0.5), 
(500024, 600156, 0.59), 
(500024, 600160, 0.55), 
(500024, 600161, 0.59), 
(500024, 600168, 0.49), 
(500024, 600169, 0.56), 
(500024, 600171, 0.42), 
(500024, 600174, 0.44), 
(500024, 600184, 0.53), 
(500024, 600192, 0.44), 
(500024, 600197, 0.44), 
(500024, 600198, 0.43), 
(500024, 600201, 0.55), 
(500024, 600208, 0.46), 
(500024, 600217, 0.46), 
(500024, 600229, 0.54), 
(500024, 600233, 0.52), 
(500024, 600237, 0.42), 
(500023, 600003, 0.47), 
(500023, 600012, 0.58), 
(500023, 600021, 0.45), 
(500023, 600022, 0.43), 
(500023, 600023, 0.52), 
(500023, 600026, 0.47), 
(500023, 600042, 0.45), 
(500023, 600043, 0.46), 
(500023, 600051, 0.51), 
(500023, 600057, 0.58), 
(500023, 600059, 0.42), 
(500023, 600064, 0.6), 
(500023, 600067, 0.44), 
(500023, 600068, 0.46), 
(500023, 600079, 0.51), 
(500023, 600082, 0.55), 
(500023, 600084, 0.53), 
(500023, 600098, 0.52), 
(500023, 600099, 0.52), 
(500023, 600104, 0.47), 
(500023, 600114, 0.49), 
(500023, 600119, 0.54), 
(500023, 600125, 0.5), 
(500023, 600128, 0.44), 
(500023, 600134, 0.43), 
(500023, 600143, 0.49), 
(500023, 600148, 0.5), 
(500023, 600154, 0.57), 
(500023, 600158, 0.59), 
(500023, 600164, 0.56), 
(500023, 600181, 0.45), 
(500023, 600185, 0.42), 
(500023, 600194, 0.49), 
(500023, 600202, 0.55), 
(500023, 600205, 0.52), 
(500023, 600226, 0.45), 
(500023, 600231, 0.57), 
(500022, 600007, 0.57), 
(500022, 600033, 0.41), 
(500022, 600039, 0.59), 
(500022, 600045, 0.57), 
(500022, 600049, 0.6), 
(500022, 600052, 0.56), 
(500022, 600070, 0.43), 
(500022, 600072, 0.56), 
(500022, 600085, 0.49), 
(500022, 600102, 0.6), 
(500022, 600113, 0.48), 
(500022, 600118, 0.46), 
(500022, 600121, 0.6), 
(500022, 600126, 0.53), 
(500022, 600142, 0.58), 
(500022, 600146, 0.59), 
(500022, 600150, 0.6), 
(500022, 600172, 0.55), 
(500022, 600176, 0.44), 
(500022, 600177, 0.6), 
(500022, 600186, 0.6), 
(500022, 600190, 0.45), 
(500022, 600199, 0.57), 
(500022, 600206, 0.53), 
(500022, 600207, 0.53), 
(500022, 600210, 0.48), 
(500022, 600218, 0.54), 
(500022, 600224, 0.45), 
(500022, 600232, 0.45), 
(500022, 600236, 0.55), 
(500022, 600238, 0.59), 
(500022, 600240, 0.49), 
(500022, 600247, 0.41), 
(500021, 600010, 0.56), 
(500021, 600017, 0.47), 
(500021, 600019, 0.58), 
(500021, 600025, 0.53), 
(500021, 600034, 0.46), 
(500021, 600041, 0.53), 
(500021, 600046, 0.52), 
(500021, 600050, 0.47), 
(500021, 600053, 0.41), 
(500021, 600060, 0.46), 
(500021, 600062, 0.44), 
(500021, 600066, 0.46), 
(500021, 600073, 0.46), 
(500021, 600074, 0.55), 
(500021, 600090, 0.57), 
(500021, 600093, 0.41), 
(500021, 600095, 0.58), 
(500021, 600101, 0.57), 
(500021, 600108, 0.47), 
(500021, 600112, 0.58), 
(500021, 600116, 0.42), 
(500021, 600117, 0.47), 
(500021, 600127, 0.58), 
(500021, 600135, 0.6), 
(500021, 600139, 0.55), 
(500021, 600141, 0.55), 
(500021, 600157, 0.53), 
(500021, 600159, 0.47), 
(500021, 600163, 0.6), 
(500021, 600170, 0.59), 
(500021, 600180, 0.42), 
(500021, 600195, 0.48), 
(500021, 600196, 0.46), 
(500021, 600209, 0.42), 
(500021, 600213, 0.54), 
(500021, 600219, 0.54), 
(500021, 600220, 0.54), 
(500021, 600225, 0.52), 
(500021, 600228, 0.47), 
(500021, 600234, 0.53), 
(500021, 600239, 0.6), 
(500021, 600243, 0.48), 
(500020, 600001, 0.47), 
(500020, 600002, 0.52), 
(500020, 600020, 0.52), 
(500020, 600024, 0.51), 
(500020, 600035, 0.49), 
(500020, 600038, 0.56), 
(500020, 600040, 0.53), 
(500020, 600044, 0.51), 
(500020, 600047, 0.5), 
(500020, 600055, 0.51), 
(500020, 600076, 0.57), 
(500020, 600077, 0.53), 
(500020, 600083, 0.46), 
(500020, 600086, 0.59), 
(500020, 600100, 0.48), 
(500020, 600106, 0.6), 
(500020, 600107, 0.53), 
(500020, 600115, 0.59), 
(500020, 600122, 0.42), 
(500020, 600129, 0.48), 
(500020, 600133, 0.6), 
(500020, 600140, 0.5), 
(500020, 600144, 0.43), 
(500020, 600145, 0.44), 
(500020, 600155, 0.42), 
(500020, 600165, 0.56), 
(500020, 600167, 0.5), 
(500020, 600182, 0.56), 
(500020, 600212, 0.58), 
(500020, 600214, 0.45), 
(500020, 600222, 0.44), 
(500020, 600223, 0.55), 
(500020, 600241, 0.49), 
(500020, 600242, 0.45), 
(500020, 600244, 0.46), 
(500020, 600246, 0.54), 
(500020, 600248, 0.45), 
(500020, 600249, 0.41), 
(500020, 600250, 0.53), 
(500019, 600014, 0.42), 
(500019, 600027, 0.52), 
(500019, 600028, 0.42), 
(500019, 600031, 0.59), 
(500019, 600036, 0.56), 
(500019, 600037, 0.51), 
(500019, 600054, 0.46), 
(500019, 600058, 0.58), 
(500019, 600069, 0.43), 
(500019, 600078, 0.5), 
(500019, 600087, 0.54), 
(500019, 600091, 0.53), 
(500019, 600092, 0.55), 
(500019, 600094, 0.47), 
(500019, 600103, 0.44), 
(500019, 600105, 0.56), 
(500019, 600110, 0.55), 
(500019, 600137, 0.6), 
(500019, 600138, 0.48), 
(500019, 600152, 0.54), 
(500019, 600162, 0.59), 
(500019, 600175, 0.58), 
(500019, 600178, 0.58), 
(500019, 600179, 0.49), 
(500019, 600183, 0.41), 
(500019, 600189, 0.42), 
(500019, 600191, 0.49), 
(500019, 600203, 0.47), 
(500019, 600215, 0.52), 
(500019, 600230, 0.57), 
(500019, 600235, 0.47), 
(500018, 600008, 0.56), 
(500018, 600013, 0.56), 
(500018, 600015, 0.59), 
(500018, 600018, 0.55), 
(500018, 600048, 0.55), 
(500018, 600061, 0.45), 
(500018, 600063, 0.58), 
(500018, 600075, 0.57), 
(500018, 600097, 0.46), 
(500018, 600109, 0.55), 
(500018, 600120, 0.56), 
(500018, 600123, 0.51), 
(500018, 600124, 0.5), 
(500018, 600147, 0.57), 
(500018, 600149, 0.5), 
(500018, 600166, 0.42), 
(500018, 600173, 0.46), 
(500018, 600187, 0.49), 
(500018, 600188, 0.55), 
(500018, 600193, 0.55), 
(500018, 600200, 0.52), 
(500018, 600204, 0.49), 
(500018, 600211, 0.43), 
(500018, 600216, 0.6), 
(500018, 600221, 0.49), 
(500018, 600227, 0.44), 
(500018, 600245, 0.5), 
(500017, 600001, 1), 
(500017, 600004, 1), 
(500017, 600021, 1), 
(500017, 600029, 1), 
(500017, 600104, 1), 
(500017, 600122, 1), 
(500017, 600131, 1), 
(500017, 600133, 1), 
(500017, 600134, 1), 
(500017, 600137, 1), 
(500017, 600148, 1), 
(500017, 600206, 1), 
(500017, 600213, 1), 
(500017, 600244, 1), 
(500017, 600245, 1), 
(500017, 600249, 1), 
(500016, 600006, 1), 
(500016, 600010, 1), 
(500016, 600011, 1), 
(500016, 600025, 1), 
(500016, 600049, 1), 
(500016, 600052, 1), 
(500016, 600074, 1), 
(500016, 600128, 1), 
(500016, 600193, 1), 
(500016, 600195, 1), 
(500016, 600211, 1), 
(500016, 600220, 1), 
(500016, 600222, 1), 
(500016, 600224, 1), 
(500016, 600231, 1), 
(500016, 600246, 1), 
(500015, 600005, 1), 
(500015, 600036, 1), 
(500015, 600043, 1), 
(500015, 600050, 1), 
(500015, 600063, 1), 
(500015, 600085, 1), 
(500015, 600093, 1), 
(500015, 600095, 1), 
(500015, 600111, 1), 
(500015, 600118, 1), 
(500015, 600139, 1), 
(500015, 600141, 1), 
(500015, 600142, 1), 
(500015, 600157, 1), 
(500015, 600175, 1), 
(500015, 600241, 1), 
(500014, 600002, 1), 
(500014, 600014, 1), 
(500014, 600018, 1), 
(500014, 600042, 1), 
(500014, 600060, 1), 
(500014, 600062, 1), 
(500014, 600067, 1), 
(500014, 600076, 1), 
(500014, 600082, 1), 
(500014, 600097, 1), 
(500014, 600107, 1), 
(500014, 600120, 1), 
(500014, 600146, 1), 
(500014, 600164, 1), 
(500014, 600172, 1), 
(500014, 600205, 1), 
(500013, 600048, 1), 
(500013, 600053, 1), 
(500013, 600084, 1), 
(500013, 600119, 1), 
(500013, 600130, 1), 
(500013, 600161, 1), 
(500013, 600176, 1), 
(500013, 600190, 1), 
(500013, 600202, 1), 
(500013, 600217, 1), 
(500013, 600236, 1), 
(500013, 600243, 1), 
(500012, 600008, 1), 
(500012, 600022, 1), 
(500012, 600056, 1), 
(500012, 600070, 1), 
(500012, 600126, 1), 
(500012, 600153, 1), 
(500012, 600168, 1), 
(500012, 600187, 1), 
(500012, 600191, 1), 
(500012, 600209, 1), 
(500012, 600247, 1), 
(500011, 600047, 1), 
(500011, 600054, 1), 
(500011, 600061, 1), 
(500011, 600064, 1), 
(500011, 600078, 1), 
(500011, 600081, 1), 
(500011, 600087, 1), 
(500011, 600092, 1), 
(500011, 600094, 1), 
(500011, 600096, 1), 
(500011, 600099, 1), 
(500011, 600121, 1), 
(500011, 600152, 1), 
(500011, 600159, 1), 
(500011, 600170, 1), 
(500011, 600178, 1), 
(500011, 600184, 1), 
(500011, 600188, 1), 
(500011, 600194, 1), 
(500011, 600233, 1), 
(500011, 600237, 1), 
(500011, 600248, 1), 
(500010, 600019, 1), 
(500010, 600023, 1), 
(500010, 600027, 1), 
(500010, 600040, 1), 
(500010, 600066, 1), 
(500010, 600077, 1), 
(500010, 600090, 1), 
(500010, 600129, 1), 
(500010, 600179, 1), 
(500010, 600234, 1), 
(500009, 600012, 1), 
(500009, 600016, 1), 
(500009, 600044, 1), 
(500009, 600116, 1), 
(500009, 600155, 1), 
(500009, 600171, 1), 
(500009, 600196, 1), 
(500009, 600214, 1), 
(500009, 600227, 1), 
(500009, 600250, 1), 
(500008, 600039, 1), 
(500008, 600075, 1), 
(500008, 600098, 1), 
(500008, 600108, 1), 
(500008, 600113, 1), 
(500008, 600124, 1), 
(500008, 600138, 1), 
(500008, 600154, 1), 
(500008, 600165, 1), 
(500008, 600173, 1), 
(500008, 600200, 1), 
(500008, 600208, 1), 
(500008, 600226, 1), 
(500007, 600020, 1), 
(500007, 600024, 1), 
(500007, 600028, 1), 
(500007, 600031, 1), 
(500007, 600035, 1), 
(500007, 600038, 1), 
(500007, 600045, 1), 
(500007, 600068, 1), 
(500007, 600088, 1), 
(500007, 600089, 1), 
(500007, 600103, 1), 
(500007, 600112, 1), 
(500007, 600135, 1), 
(500007, 600145, 1), 
(500007, 600183, 1), 
(500007, 600189, 1), 
(500007, 600203, 1), 
(500007, 600207, 1), 
(500007, 600212, 1), 
(500007, 600229, 1), 
(500007, 600232, 1), 
(500006, 600032, 1), 
(500006, 600046, 1), 
(500006, 600072, 1), 
(500006, 600079, 1), 
(500006, 600109, 1), 
(500006, 600151, 1), 
(500006, 600158, 1), 
(500006, 600181, 1), 
(500006, 600199, 1), 
(500006, 600223, 1), 
(500006, 600235, 1), 
(500006, 600238, 1), 
(500006, 600239, 1), 
(500005, 600051, 1), 
(500005, 600055, 1), 
(500005, 600057, 1), 
(500005, 600071, 1), 
(500005, 600091, 1), 
(500005, 600100, 1), 
(500005, 600105, 1), 
(500005, 600117, 1), 
(500005, 600147, 1), 
(500005, 600149, 1), 
(500005, 600150, 1), 
(500005, 600160, 1), 
(500005, 600166, 1), 
(500005, 600177, 1), 
(500005, 600197, 1), 
(500005, 600198, 1), 
(500005, 600201, 1), 
(500005, 600210, 1), 
(500005, 600216, 1), 
(500005, 600219, 1), 
(500005, 600221, 1), 
(500004, 600009, 1), 
(500004, 600026, 1), 
(500004, 600069, 1), 
(500004, 600102, 1), 
(500004, 600110, 1), 
(500004, 600163, 1), 
(500004, 600186, 1), 
(500004, 600218, 1), 
(500004, 600228, 1), 
(500004, 600230, 1), 
(500003, 600017, 1), 
(500003, 600030, 1), 
(500003, 600073, 1), 
(500003, 600080, 1), 
(500003, 600127, 1), 
(500003, 600132, 1), 
(500003, 600162, 1), 
(500003, 600182, 1), 
(500003, 600192, 1), 
(500003, 600225, 1), 
(500003, 600242, 1), 
(500002, 600003, 1), 
(500002, 600013, 1), 
(500002, 600033, 1), 
(500002, 600034, 1), 
(500002, 600037, 1), 
(500002, 600041, 1), 
(500002, 600059, 1), 
(500002, 600065, 1), 
(500002, 600083, 1), 
(500002, 600086, 1), 
(500002, 600106, 1), 
(500002, 600114, 1), 
(500002, 600123, 1), 
(500002, 600125, 1), 
(500002, 600136, 1), 
(500002, 600144, 1), 
(500002, 600156, 1), 
(500002, 600167, 1), 
(500002, 600174, 1), 
(500002, 600180, 1), 
(500002, 600204, 1), 
(500002, 600215, 1), 
(500002, 600240, 1), 
(500001, 600007, 1), 
(500001, 600015, 1), 
(500001, 600058, 1), 
(500001, 600101, 1), 
(500001, 600115, 1), 
(500001, 600140, 1), 
(500001, 600143, 1), 
(500001, 600169, 1), 
(500001, 600185, 1);
